朝代,剂型,内服、外用,编号,方名,方源,组成　,防风量,功用,配伍功效,主治,制剂,用法,防风炮制,是否有量,药味数,病症（证）,方论,备注
清•万潜斋编（1892）,硬膏,外,5405.0,白油膏,《寿世新编》卷中,防风  白芷各4．5g,4.5g,祛风胜湿，生肌收口。,祛风解表,臁疮数十年不愈；秃头疮。,"真桐油90g (fl)放油内泡一夜，入铁器内，慢火熬枯，
  去药沥净滓，将油再熬，俟欲开时，用鸡蛋一个去壳，
  放油内炸至深黄色，去蛋不用，再将油用火慢熬，俟
  油色极明，能照见人须眉，入白蜡1．8g，黄蜡1．2g
  熔化，赶紧用竹纸十余张，乘热浸入油内，一张放一
  张起，令透火气，须张张隔开，日前吹透，若放一处，
  虽数日火气难退，贴上毒气内逼，难以收功；","视疮大小裁纸贴之，顷刻脓粘满纸，弃
  去再换，一日数十余次。数日脓尽，肉满生肌，脓尽后
  不贴亦可生肌。脓多者黄蜡1．8g，白蜡1．5e，不得稍
  为增减。",,y,2.0,,,
金•李东垣（约刊于1336）,散,外,2958.0,太阳经嚏药,《兰室秘藏》卷下,防风0.6g  羌活0．9g  红豆2个,0.6g ,祛风止痛。,祛风解表(头痛),太阳头痛。,上为细末。,鼻内搐之。,,y ,3.0,,,
朝鲜　明•金礼蒙（1443）,煮散,内,4400.0,玉屏风散,"《简易方3S以究原方》见
    《医方类聚》卷一五O",防风30g  黄芪(蜜炙)  白术各60g,30g,补肺益气，固表止汗。,祛风解表(防虚感),"表虚自汗，以及虚人腠理不密，易于感
  冒，汗出恶风，面色犹白，舌质淡苔薄白，脉浮缓。","上叹咀。每次9g，用水220ml，加大枣
1枚，煎至160ml，去滓。",食后热服。,,y,3.0,,,
宋•许叔微撰。约刊行于绍兴二年(1132)。,煮散,内,6438.0,地仙散,《普济本事方》卷四,地骨皮  防风各30g  炙甘草7.5g,30g ,祛风退热,祛风解表(外感风邪),外感风邪，内有伏热，骨蒸肌热。,"上为细末。每次6g，用水150m1，加生
姜3片，竹叶7片，煎至105ml，去滓。",温服。,,y,3.0,,,
宋•宋周应,煮散,内,6591.0,地骨皮散,《医方类聚》卷十引《简要济众方》  又名地骨皮汤(《圣济总录》卷四十三,地骨皮30g  防风30g  甘草15g(微炙),30g,凉上焦，生津液。,祛风解表(风热),心脏有热，咽干舌涩，面赤潮热。,"上为散。每次6g，用水200ml，加竹叶
  5～7片，同煎至140m1，去滓。",温服，不拘时候。,,y,3.0,,,
金•刘完素（1186）,煮散,内,8113.0,防风芍药汤 ,《素问病机气宜保命集》卷中,防风  芍药  黄芩各30g,30g,祛风解表，清肠止泻。,祛风解表(泄泻或痢疾有表证),泄泻或痢疾有表证者。,上哎咀。每次15～30g，用水450ml，煎至150m1，去滓。,温服。,,y,3.0,,,
唐,散,内,9417.0,牡蛎散,《备急千金要方》卷十,牡蛎  白术  防风各90g,90g,固表止汗。,祛风解表(防虚感),卧即盗汗，风虚头痛。,上为散。,每次3g，用酒调服，一日二次。,,y,3.0,,,
清•沈善谦（1847）,汤,外,81.0,一漱汤 ,《喉科心法》卷下,川花椒3g  北细辛3g  香白芷3．6g　青防风6g,6g,祛风止痛。,祛风解表(牙痛),牙痛。,用水200ml，煎取160m1，去滓。,含漱，频含频吐。痛即止。,,y,4.0,,,
明•秦景明,汤,内,1216.0,干葛防风汤,《症因脉治》卷一,干葛  防风  石膏  甘草,wbz,疏风清热。,祛风解表(牙痛),阳明风热齿痛。,水煎，去滓。,温服。,,n,4.0,,,
清,煮散,外,1373.0,大戟散,《古今医统》卷六十四,大戟90g  露蜂房(炒)  细辛各30g　防风15g,15g,疏风泻火，消肿止痛。,祛风解表(牙痛),风火牙痛。,"上fu咀，每次15g，用200ml，煎取
160ml，去滓。",乘热漱口，不拘时候。,,y,4.0,,,
明,煮散,内,3428.0,牛蒡散,《普济方》卷三六一,防风  荆芥  甘草  牛蒡子(炒)各等分,等分,疏散风热。,祛风解表(风热),小儿变蒸生疮。,上为散。水煎，去滓。,温服。,,n,4.0,,,
宋•魏岘撰（1227）,煮散,外,3633.0,升麻细辛汤,《魏氏家藏方》卷九,升麻  荆芥穗  防风(去芦)各15g　细辛30g(去土),15g,祛风止痛。,祛风解表,风牙痛。,上为粗末。每次128，用水225m1，煎至150m1，去滓。,热服，漱令冷，吐之。为细末揩齿，良久吐出，温盐汤漱之亦得。,去芦,y,4.0,,,
宋,散,内,4481.0,甘菊散,《圣济总录》卷十七,甘菊花(择)  旋覆花  防风(去叉)　石膏(碎研)各等分,等分,祛风清热。,祛风解表(风热),头面风，头目昏眩。,上为散。,每次6g，腊茶调服。如煎此药沐发，大去白屑。,去叉,n,4.0,,,
元•危亦林,丸,内,4788.0,四神丸,《世医得效方》卷十三)  又名四神丹(《医学入门》卷七,天麻  天南星(各汤洗净)  防风各30g  薄荷叶15g,30g,祛风化痰。,祛风解表(风邪),痰涎壅盛，手足顽麻，头昏目眩，肩背拘急。,上为末，酒煮薄面糊为丸，如绿豆大。,每次20丸，荆芥、生姜煎汤送服。,,y,4.0,,,
宋•薛辛（1265）,汤,内,6376.0,圣济汤,《女科万金方》,茯苓9g  防风  麦冬  黄芩各6g,6g,疏风清热，养心安神。,祛风解表(风热),子烦,加竹叶，水煎，去滓。,温服。,,y,4.0,,,
元•危亦林,煮散,内,6439.0,地仙散,《世医得效方》卷九,地骨皮60g  防风30g  甘草15g　麦冬30g(去心),30g,养阴生津，疏风退热。,祛风解表(风热),素体阴虚，内有伏热，兼感风邪，骨蒸肌热。,上药锉散。每次9g，用水150m1，加生姜5片，煎至105m1，去滓。,温服，不拘时候。,,y,4.0,,,
金•张子和,煮散,内,6787.0,芎黄汤,《儒门事亲》卷十五,大黄  荆芥穗  川芎  防风各等分,等分,祛风泻火,祛风解表(风热),风火上攻，头目眩运,上为粗末。每次15g。水煎，去滓。,温服之。以利为度。,,n,4.0,,,
元,煮散,内,9472.0,利膈散,《御药院方》卷九,黑牵牛(炒)  甘草(炒)各120g  防风30g  牛蒡子(炒)240g,30g,祛风利咽，消肿止痛。,祛风解表(风热),咽喉诸疾，肿痛生疮。,除防风外，各慢火炒令熟，与防风同为细末。,每次6g，用沸汤300m1点药，澄清热服，不拘时候。,,y,4.0,,,
宋,散,内,2218.0,天南星散,《圣济总录》卷十六,天南星(酸浆水煮透心软，切，晒干)30g  菊花22．5g  自然铜(烧赤，醋淬)30g  防风15g　川芎30g,15g,祛风止痛。,祛风解表(头痛),偏头痛。,上为细散。,每次1．5g，腊茶清少许调服，只作一口呷尽，分作三咽，每咽点头一次。,,y,5.0,,,
宋,散,内,1938.0,小黄耆散,《鸡峰普济方》卷十九,黄芪  赤小豆各30g  土蒺藜  枳实各15g  防风30g,30g,益气祛风，利水退肿。,祛风解表(防虚感),风寒客于肾经，上乘于肺，面目浮肿，身无痛，形不瘦，不能食，其脉大紧。,上为细末。,每次6g，米饮调服，或温酒亦可。,,y,5.0,,,
宋,散,内,2979.0,止汗散,《鸡峰普济方》卷二十五,牡蛎22．5g  白术30g  白芷10．5g　　甘草9g  防风15g,15g,固表止汗，和卫祛风。,祛风解表(防虚感),诸虚不足，汗出不止。,上为细末。,每次6g，沸水调服，不拘时候。,,y,5.0,,,
清,汤,内,3634.0,升麻桔梗汤,《叶氏女科》卷二,升麻  桔梗  甘草各1．5g  防风　玄参各3g,3g,祛风散寒，清热利咽。,祛风解表(风寒),妊娠外感风寒、内有蕴热，咽喉疼痛。,水煎，去滓。,分二次温服。,,y,5.0,,,
清•陈士铎,汤,内,4118.0,双解风湿汤,《辨证录》卷五,茯苓30g  薏仁30g  柴胡6g  防风  甘草各3g,3g,祛风利湿。,祛风解表,伤风八九日，风湿相搏，身体烦疼，不能转侧，不呕不渴。,水煎，去滓。,温服。,,y,5.0,,,
金,汤,内,5753.0,立效散,《兰室秘藏》卷中,细辛0．6g  炙甘草1g  升麻2．1g　防风3g　草龙胆(酒洗)12g,3g,疏风泻火，化湿止痛。,祛风解表(牙痛),牙齿痛不可忍，连及头脑项背，微恶寒饮，大恶热饮。,用水150m1，煎至105m1，去滓,以匙抄在口中，煤痛处。待少时则止。,,y,5.0,,,
清•吴谦,汤,内,6277.0,加味玉屏风散,《医宗金鉴》卷四十二,石膏  茵陈  黄芪  白术  防风,wbz,益气固表，清热利湿。,祛风解表(防虚感),黄汗，汗出染衣。,水煎，去滓。,温服。,,n,5.0,,,
明,汤,外,6744.0,芎芷汤,《普济方》卷三OO,花椒(去目)  川芎各15g  白芷  防风  干姜各0．3g,0.3g,祛风散寒，活血舒筋。,祛风解表(风寒),手指伤风冷，筋脉挛急。,上锉。以水300m1，煎令浓，滤去滓。,涂患处，每日五至七次。,,y,5.0,,,
宋,丸,内,8068.0,防风丸,《太平惠民和剂局方》卷一又名天麻丸(《普济方》卷一O五,防风(洗)  川芎  天麻(jiu浸一宿)　甘草(炙)各60g  朱砂(研为衣)15g,60g,祛风活血，镇心安神。,祛风解表(风热),风邪痰热上攻，头痛恶心，项背拘急，目眩旋运，心怔烦闷，手足无力，骨节疼痛，言语謇涩，口眼润动，神思恍惚，痰涎壅滞，昏愦健忘，虚烦少睡。, 上为细末，炼蜜为丸，每30g作10丸，以朱砂为衣。,每次1丸，用荆芥汤或茶、酒化服，不拘时候。,洗,y,5.0,,,
明•孙志宏撰,汤,内,8322.0,麦麸散,《简明医彀》卷四,麦麸(炒黄)  防风  白术  牡蛎  黄芪各4.5g,4.5g,补气固表，收涩止汗。,祛风解表(防虚感),卫气不足，肌表不固，自汗盗汗。,加大枣，水煎，去滓。,温服。,,y,5.0,,,
清•梁廉夫,汤,内,8882.0,苏叶汤,《不知医必要》卷一,苏叶  防风  川芎各4．5g  陈皮3g　　甘草2g,4.5g,疏风解表。,祛风解表(风热),伤风发热。,加生姜2片，水煎，去滓。,温服。,,y,5.0,,,
唐,丸,内,9013.0,赤白二疹丸 ,《外台秘要》卷三十引《延年秘录》,白术500g  蔓荆子30g  防风30g　附子15g(炮)  桂心15g,30g,温阳健脾，祛风散寒。,祛风解表(风寒)2,脾阳不足，外感风寒，致患风疹。,上药为末，炼蜜为丸，如梧桐子大。,每次10丸，稍加至15丸，用酒送服，每日二次。若作散剂，每服3g。,,y,5.0,,,
宋·朱佐,散,内,18.0,一字散,《类编朱氏集验医方》,全蝎8个  防风8g  僵蚕15g  天麻30g  川乌1个(炮)  南星1个,8g,平肝息风，化痰止痛。,祛风解表(头痛),由风痰引起的偏正头疼。,上为末，入麝香、朱砂各15g，拌匀。,每次0.16g，食后用葱、酒、茶调服。,,y,6.0,,,
金•张子和,煮散,内,884.0,人参补肺散,《儒门事亲》卷十二,人参  麻黄(去节)  白术  防己  防风各等分  桑白皮倍加,等分,补气解表，宣肺止咳。,祛风解表(风寒),肺气不足，外感风寒，咳嗽气喘。,上叹咀。每次158，以浆水250m1，煎至125ml，去滓。,温服。,,n,6.0,,,
明•方贤,丸,内,1628.0,上清丸,《奇效良方》卷六十一,薄荷500g  川芎  防风各60g  桔梗150g  砂仁15g  甘草120g,60g,疏风散热，活血消肿，解毒利咽。,祛风解表(风热),咽喉肿痛，痰涎壅盛。,上为细末，炼蜜为丸，如皂角子大。,每次1丸，噙化，不拘时候。,,y,6.0,,,
金,煮散,内,1635.0,上清汤,《兰室秘藏》卷下)  又名通气防风汤(《东垣试效方》卷二)  上清散(《证治准绳·类方》卷二),人参  蔓荆子各1．5g  防风3g  葛根4．5g  黄芪9g  甘草12g,3g,清利头目，宽快胸隔。,祛风解表(风热),脾胃气虚，外感风热，头痛目昏，胸脘痞闷者。,上畋咀，分作二服。用水500ml，煎至250ml，去滓。,临卧热服。以夹衣盖覆不语，须臾汗出为效。,,y,6.0,,,
宋,丸,内,1737.0,川芎丸,《太平惠民和剂局方》卷一又名大川芎丸(《医门法律》卷五,川芎  龙脑薄荷叶(焙干)各2．25kg　细辛150g 防风750g 桔梗3kg 甘草(槛)1．05kg,750g,消风壅，清头目，化痰涎，利咽膈。,祛风解表,头痛旋运，心忪烦热，颈项紧急，肩背拘倦，肢体烦疼，皮肤瘙痒，脑昏目疼，鼻塞声重，面上游风，状如虫行。,上为细末，炼蜜为丸，每45g分作50丸。,每次1丸，食后、临卧细嚼，腊茶清送服。,,y,6.0,,,
明,其它,内,2223.0,天萝饼子,《普济方》卷六十三,僵蚕3g  防风9g  天萝子27g  陈白梅(大者)7个(小者10个)  胆矾少许  酸米醋少许,9g,疏风化痰，消肿利咽。,祛风解表(风热)2,咽喉肿痛。,上为细末，制成饼子，如钱大。,外用棉裹，终日含之。吐出痰涎令尽，自愈。如吞得时，吞些药不妨。,,y,6.0,,,
宋,煮散,内,3962.0,风湿六合汤,《袖珍方》卷四引《太平圣惠方》,当归　熟地　白芍　川芎120g  防风  制苍术各21g,21g,养血和血，祛风除湿。,祛风解表(风湿)2,妊娠外感风湿，肢节烦疼，身热头痛，脉浮。,上为粗末。每次9～15g，水煎，去滓。,温服。,,y,6.0,,,
明,汤,内,4326.0,正柴胡饮,《景岳全书》卷五十一,柴胡3～9g  防风3g  陈皮4．5g　芍药6g  甘草3g  生姜3～5片,3g,平散风寒。,祛风解表(风寒),外感风寒，发热恶寒，头痛身疼，及痃疟初起。,上药用水300m1，煎至200m1，去滓。,温服,,y,6.0,,,
宋,煮散,内,4446.0,术苓汤,《仁斋直指》卷九,黄芪(炙)  防风  白茯苓  白术  麻黄根、节各15g  甘草(炙)6g,15g,益气固表。,祛风解表(防虚感),虚汗，盗汗。,上锉细。每次9g，加小麦100粒同煎，去滓。,临卧服。,,y,6.0,,,
明•申斗垣,汤,内,4472.0,甘桔汤,《外科启玄》卷十二,桔梗2．5g  甘草4．5g  射干  牛蒡子(炒)各2g  防风  玄参,wbz,清肺化痰，利咽止痛。,祛风解表(风热),痰壅声哑，咽痛。,上哎咀。水煎，去滓。,温服，一日二次。,,n,6.0,,,
宋,煮散,内,5246.0,白术饮,"《圣济总录》卷十七)  又名
    白术散(《古今医统》卷五十三)",白术  厚朴(生jiang汁炙)  甘菊花各15g  人参  白芷  防风各30g,30g,健脾祛风，和胃降逆。,祛风解表(风热)2虚,脾胃气虚，风邪上侵，头旋不止，复加呕逆。,上哎咀，如麻豆大。每次15g，水220m1，加生姜5片，煎至150m1，去滓。,食前温服。,,y,6.0,,,
宋,煮散,内,5256.0,白术散,《太平圣惠方》卷二十九,白术30g  酸枣仁30g(微炒)  麻黄根60g  防风30g  白龙骨75g  黄芪60g(锉),30g,益气固表，养心敛汗。,祛风解表(防虚感),虚劳，肺气不足，心阴亦伤，夜卧盗汗，心烦少睡。,上为粗散。每次9e，以水200m1，煎至120ml，去滓。, 温服，不拘时候。,,y,6.0,,,
宋,煮散,外,6776.0,芎劳散,《太平圣惠方》卷三十四,川芎  薏苡仁各60g  细辛  防风　地骨皮  柳枝(锉)各30g,30g,清热祛风，活血止痛。,祛风解表(牙痛),牙齿动摇疼痛。,"上为散。每次15g，以水600ml，煎至
300m1，去滓。",热含吐之。,,y,6.0,,,
宋,丸,内,8075.0,防风丸,《圣济总录》卷一六七,防风  钟乳粉  牛黄(研)  白术各15g  熟地黄(焙)  甘草(炙)各0．9g,15g,补肾健脾，祛风清热。,祛风解表(风热)2,小儿脾肾两虚，风热外侵，致患解颅，脑缝开而不合。,上为细末，炼蜜为丸，如梧桐子大。,每次2丸，温开水化服。,,y,6.0,,,
宋,散,内,8087.0,防风散,《太平圣惠方》卷五十一,防风30g  甘菊花30g  牛蒡子30g(微炒)  白附子30g(炮裂)  前胡30g(去芦头)　石膏60g(细研，水飞过),30g,祛风化痰。,祛风解表(头痛),痰厥头痛。,上为细散。,每次6g，食后以生姜、茶清调服。,,y,6.0,,,
清•郭志邃（1675）,汤,内,8136.0,防风散痧汤,《痧胀玉衡》卷下,防风  陈皮  细辛  金银花  荆芥　枳壳各等分,等分,疏风散寒，理气止痛。,祛风解表(风寒),痧胀因于风者。, 用水400m1，—煎至280ml，去滓。,稍冷服。,,n,6.0,,,
宋,煮散,内,8391.0,麦门冬饮,《圣济总录》卷三十一,麦冬(去心、焙)  柴胡  防风  半夏(汤洗去滑，jiang汁制)  赤茯苓  犀角(镑)各15g,15g,疏风解肌，养心安神。,祛风解表(风寒),伤寒汗后虚烦，心神不宁。,上为粗末。每次15g，用水225ml，入生姜5片，煎至160ml，去滓。,温服。,,y,6.0,,,
宋,丸,外,11781.0,细辛膏,《太平圣惠方》卷八十九,细辛  防风  川大黄(锉，微炒)  黄芩各7．5g  花椒15g(去目)  蜡15g,7.5g,祛风清热，利窍聪耳。,祛风解表(风热)2,小儿耳聋，或因脑热，或因水入，或因吹风者。,上锉细。用清麻油100g，煎至药呈紫色，滤过，下蜡，候消为膏。,每用约大豆大，点于耳中，一日三次。,,y,6.0,,,
明•孙志宏撰,汤,内、外,578.0,七神散 ,《简明医彀》卷五,龙胆草4．5g  黄连  防风各3g  升麻2．1g  草豆蔻(研)10粒  北细辛(连叶)0．6g炙甘草1．2g,3g,疏风泻火，消肿止痛。,祛风解表(牙痛),风火齿痛。,用水200m1，煎至100m1，去滓。,饮一口，含浸患处，少时咽。,,y,7.0,,,
清•祝补斋（1844）,汤,外,590.0,七宝漱散,《卫生鸿宝》卷二,紫荆皮12g  荆芥穗  薄荷叶各9g　僵蚕(炒)  苦桔梗  防风各6g  甘草(生)4．5g,6g,活血行气，祛风利咽。,祛风解表,缠喉风、锁喉风、喉蛾、喉珠、悬雍风等证。初起肿痛，恶风发热。,晒干，忌火，为末。煎数沸，去滓。,满口细细漱服。,,y,7.0,,,
宋,散,内,2150.0,天麻散,《类编朱氏集验方》卷十一,天麻  防风  甘草  川芎  羌活　白芷  麻黄(去节)各等分,等分,祛风散寒，宣肺止咳。,祛风解表(风寒),小儿伤风，鼻塞，流清涕，咳嗽，身热。,上为细末。,食后葱汤调服。,,n,7.0,,,
宋,煮散,内,2467.0,木通散,《大平圣惠方》卷三十七又名防风汤(《圣济总录》卷一一六),木通30g(锉)  防风15g  栀子仁15g  川升麻30g  石膏60g  麻黄23g(去根、节)　桂心15g,15g,清热宣肺，祛风通窍。,祛风解表(风热),鼻塞，不闻香臭。,上为散。每次10g，用水300ml，煎至180m1，去滓。,食后温服。,,y,7.0,,,
明•龚信纂辑,汤,内,4470.0,甘桔汤,《古今医鉴》卷九,甘草  防风  荆芥  薄荷  黄芩各3g  桔梗9g  玄参3g,3g,疏风清热，消肿利咽。,祛风解表,咽喉肿闭。,上锉1剂。水煎，去滓。,食后频频噙咽，,,y,7.0,,,
元,煮散,外,5059.0,生地黄散,《御药院方》卷九,生地黄  升麻  川芎  细辛  露蜂房(炒焦)  防风各30g  大皂荚6g(去黑皮，炙焦),30g,祛风清热，消肿止痛。,祛风解表(风热牙痛),风热所致的牙齿疼痛。,上为末。每次9～12g，用水300ml，入荆芥数穗，同煎至240ml，去滓。,食后或临卧时用微热煎汁含漱，冷则吐去，一日漱二、三次。,,y,7.0,,,
明,汤,内,5327.0,白芷汤,《古今医鉴》卷九又名白芷散(《济阴纲目》卷一O七,防风  荆芥  连翘  白芷  薄荷  赤芍  石膏,wbz,清胃疏风。,祛风解表(风热牙痛),阳明热盛，兼感风邪，下爿牙痛。,上锉。水煎，去滓。,温服。,,n,7.0,,,
明,煮散,外,5517.0,白杨皮汤,《圣济总录》卷一二一,白杨皮45g  地骨皮30g  防风15g　蔓荆子30g  细辛30g  杏仁(去皮、尖、双仁，生用)30枚  生地黄(焙)60g,15g,祛风清热，止痛固齿。,祛风解表(风热牙痛),牙齿宣露。,"上锉，如麻豆大。每次15g，以水
300ml，煎至150ml，去滓，入酒150ml，更煎三、五
沸，去滓。",热嗽冷吐。,,y,7.0,,,
清•林佩琴,汤,内,5893.0,头瘟汤,《类证治裁》卷一,川芎3g  荆芥  防风  桔梗各4．5g　柴胡2．1g  黄芩  当归尾各6g,4.5g,祛风清热，活血消肿。,祛风解表,大头瘟，憎寒壮热，头面肿痛，咽喉不利，甚则堵塞不能饮食，舌干口燥。,水煎，去滓。,食后服,,y,7.0,,,
宋,其它,内,6373.0,圣饼子,《鸡峰普济方》卷十八,川乌头  天南星  干姜各30g  甘草(以上并生)  川芎各60g  防风7．5g  天麻15g,7.5g,祛风化痰，散寒止痛。,祛风解表(头痛),偏正头痛。,上为细末，汤浸蒸饼为丸，如芡实大。,每次3饼子，先嚼荆芥2—3穗，方嚼药，茶清送服，不拘时候。,,y,7.0,,,
宋,煮散,内,6735.0,芎术散,《圣济总录》卷十七,川芎  白术  天麻各30g  防风(去叉)  荆芥穗各15g  细辛3g  甘草(炙，锉)7．5g,15g,祛风散寒。,祛风解表,风寒外客，头面多汗，恶风头痛，身热烦闷。,上为散。,每次6g，沸汤点服。,去叉,y,7.0,,,
宋,散,内,6793.0,芎菊散,《圣济总录》卷一O八,川芎60g  菊花30g  白芷60g  细辛15g  石膏(水飞)15g  防风60g  甘草(炙)15g,60g,疏风清热。,祛风解表(风热),眉骨、太阳穴、头面俱痛，眼见黑花，目渐昏暗。,上为细散。,每次3g，食后茶调服。,,y,7.0,,,
元•倪维德,汤,内,7219.0,当归养荣汤,《原机启微》卷下,防风  白芷各2．3g  白芍药  熟地黄  当归  川芎各3g  羌活2．3g,2.3g,养血祛风。,祛风解表(风热)2虚,肝经血虚，风邪上侵，睛珠痛甚不可忍；眼目红赤羞明，泪多眵少。,上作一服，用水300m1，煎至150m1，去滓。,食后热服。,,y,7.0,,,
宋,煮散,内,8054.0,防己汤,《圣济总录》卷六,防己(锉)  桂  麻黄(去根、节，先煎掠去沫，焙干)  葛根(锉)各60g  甘草(炙，锉)　防风(锉)  芍药各30g,30g,祛风散寒，解肌舒筋。,中风或祛风解表(风寒),中风口噤，颈项筋急，饮食不下，失音不能言；亦治伤寒失音不能语，口噤。,上为粗末。每次98，以水150m1，加生姜4g(切)，煎取105m1，去滓。,温服，日三次，夜一次。,锉,y,7.0,,,
宋,煮散,内,8085.0,防风饮,《圣济总录》卷十五,防风30g  龙骨60g  升麻  赤芍药   黄芩(去黑心)各30g  葛根(锉)  石膏(碎)各45g,30g,祛风清热，活血止痛。,祛风解表(风热),首风，脑项掣痛。,上为粗末。每次15g，以水225ml，煎至150ml，加竹汤15ml，更煎一、二沸，去滓。,温服，空心、日午、夜卧各一次。,,y,7.0,,,
明,散,内,8697.0,花蛇全蝎散,《普济方》卷八十六,全蝎7．5g  细辛  藁本  羌活  川芎  防风各15g  白花蛇6g(炙),15g,祛风止痛。,祛风解表(头痛),头风。,上为细末。,每次3g，食后、临卧用茶清调服。,,y,7.0,,,
清,丸,内,9309.0,时疫急救灵丹,《卫生鸿宝》卷一,天竺黄  人中黄各60g  僵蚕<去丝嘴)  全蝎(去尾末勾)  防风  荆芥各30g  麝香3g,3g,清热解毒，散邪辟秽。,祛风解表,痧胀初起，恶寒发抖，或唇内有块如疔，或耳根后作痛，肚腹作泻，或气喘作呕，筋骨疼痛麻木，六脉微细。,上为细末，水泛为丸，如梧桐子大，朱砂为衣。,每次7～10丸，小儿减半，用姜汤或藿香汤送服。,,y,7.0,,,
宋,煮散,内,9469.0,利膈汤,《普济本事方》卷四,鸡苏叶  荆芥穗  桔梗(炒)  防风　牛蒡子(隔纸炒)  甘草(炙)各30g  人参15g,30g,疏风清热，利咽宽膈。,祛风解表,脾肺有热，咽喉生疮，胸膈不利。,上为细末。,每次3g，沸汤点服。,,y,7.0,,,
清•沈jin鳌撰（1773）,汤,内,9813.0,沈氏头瘟汤,《杂病源流犀烛》卷二十,川芎3g  桔梗  防风  荆芥穗各4．5g  柴胡2．1g  黄芩  归尾各6g,4.5g,清热解毒，祛风活血。,祛风解表,大头瘟初起一两日者。,水煎，去滓。,分二次温服。,,y,7.0,,,
金,汤,内,9873.0,羌活胜湿汤,《内外伤辨》卷中)又名通气防风汤(《医学发明》卷五),羌活  独活各3g  藁本  防风  甘草(炙)  川芎各1．5g  蔓荆子1g,1.5g,祛风胜湿。,祛风解表(风湿),风湿客于太阳，肩背痛不可回顾，脊痛项强，或一身尽痛，难以转侧，恶寒发热，脉浮。,上哎咀，作一服。用水300m1，煎至150m1，去滓。,空心、食前大温服。,,y,7.0,,,
宋,煮散,内,10515.0,鸡苏人参汤,《圣济总录》卷一二四,鸡苏叶  恶实(炒)  玄参  甘草(炙、锉)各30g  防风(去叉)  人参  天冬(去心、焙)各15g   ,15g,疏风散热，养阴生津。,祛风解表(风热),上焦有热，津液燥少，喉咽干痛。,上为散。每次9g，用水150m1，入梨2片，同煎至90m1，去滓。,食后温服,去叉,y,7.0,,,
明,散,外,10522.0,驱风散,《普济方》卷六十九,细辛  草乌各30g  蝎梢15g  荆芥穗  防风各45g  升麻15g  没食子30g,45g,祛风止痛。,祛风解表,风牙痛。,上为末。,擦患处。,,y,7.0,,,
清•祁坤（1665）,丸,内,10919.0,败毒黄连丸,《外科大成》卷三,黄连  连翘  羌活  菊花各60g  防风45g  细辛  甘草各30g,45g,清热散风，解毒消肿。,祛风解表(风热),风热上侵，致患眼丹，眼胞红热肿痛,上为末，炼蜜为丸，如梧桐子大。,每次50丸，茶水送服。,,y,7.0,,,
宋•王璆撰。原刊于1196年。,煮散,内,11038.0,和解汤,《百一选方》卷十九,羌活  防风  川芎  人参各30g  干葛  升麻  甘草各15g,30g,解肌散寒。,祛风解表(风寒),小儿四时感冒寒邪，壮热烦躁，鼻塞多涕，惊悸自汗，肢体疼痛，及疮疹已发未发。,上哎咀。每次9g，用水150m1，加生姜1片，大枣一个，煎至90m1，去滓。,温服，不拘时候。,,y,7.0,,,
明,汤,内,11424.0,泻青汤,《症因脉治》卷一,当归6g  龙胆草3g  川芎6g  山栀4．5g  羌活6g  防风6g  黄芩6g,6g,清肝利胆，疏风散热。,祛风解表(风热)2,肝火头痛，恼怒即发，痛引胁下。,水煎，去滓。  ,温服。,,y,7.0,,,
明•李恒（1391）,其它,内,11569.0,定风饼子,《袖珍方》卷二,草乌头15g(微炮)  香白芷30g  川芎60g  防风  天麻  甘草(炒)各30g  细辛15g,30g,祛风止痛。,祛风解表(头痛),头风头痛。,上为末，姜汁为丸，如龙眼大，捏作饼子。,每次1饼，食后用茶汤送服。,,y,7.0,,,
明,汤,外,11573.0,定疼追风散,《普济方》卷六十五,全蝎  香白芷  细辛  荆芥  防风　川芎  花椒各7.5g,7.5g,祛风止疼。,祛风解表,牙疼。,水煎，去滓。,灌漱之。,,y,7.0,,,
清•景冬阳（1696年）,汤,内,11595.0,实表汤,《嵩崖尊生》卷十,桂枝8g  赤芍9g  甘草3g  防风　川芎  羌活各5g  白术9g,5g,祛风解肌，调和营卫。,祛风解表(风寒),冬月伤风，有汗。,水煎，去滓。,分二次温服。,,y,7.0,,,
清,汤,内,604.0,七味葱白汤,《重订通俗寒伤论》,防风3g  苏叶嫩枝4．5g  生姜皮38  淡豆豉9g  秦艽4.5g  络石藤9g  鲜葱白4个  嫩桑枝30g,3g,祛风通络。,祛风解表(风湿),外感风湿，风重湿轻，头痛发热，微汗恶寒，骨节烦疼，体重微肿，小便欠利，脉来浮缓。,水煎，去滓。,分二次温服,,y,8.0,,,
宋,煮散,内,620.0,八风汤,《圣济总录》卷十五,防风(去叉)180g  人参60g  川芎　细辛(去苗叶)  前胡(去芦头)  羌活(去芦头)  白芷各15g  甘草(炙)22g,180g,祛风定痛。,祛风解表(头痛),首风。头目昏痛，肢体拘急疼痛。,上为粗末。每次15g，用水150ml，入薄荷5叶，煎至90ml，去滓。,温服，不拘时候。,去叉,y,8.0,,,
宋,煮散,内,621.0,八风散,《太平惠民和剂局方》卷一)  又名八风汤(《保婴撮要》卷二十),藿香250g  白芷  前胡各500g  黄芪(去芦)  甘草(槛)  人参各1000g  羌活  防风各1．5kg,1.5kg,益气疏风。,祛风解表(虚感),肺脾气虚，外感风邪，头目昏眩，肢体拘急烦疼。    ,上为细末，每次6g，用水225m1，入薄荷少许，同煎至160m1，去滓。,食后温服；腊茶清调3g亦得。小儿虚风，乳香、腊茶清调下1.5g。,,y,8.0,,,
宋·杨倓撰。刊于1178年。,煮散,内,698.0,八解散,《杨氏家藏方》卷三,荆芥穗90g  防风(去芦头)  人参(去芦头)  黄芩  麻黄(去根节)  肉桂(去粗皮)　苍术(米泔水浸一宿)  甘草(炙)各45g,45g,益气扶正，解表祛湿。,祛风解表,元气不足，外感风寒湿邪，恶寒发热头痛，浑身拘急，四肢疼痛，口中微渴者。,上为散。每用15g，水250ml，加生姜3片，大枣1枚，淡豆豉30粒，同煎至150ml，去滓。,温服，不拘时候，并进三服。,去芦头,y,8.0,,,
宋,煮散,内,776.0,人参汤,《圣济总录》卷一六一,人参  当归(切，焙)各60g  芍药　干桑叶  防风  独活  葛根(锉)  甘草(炙)各15g,15g,益气养血，疏风退热。,祛风解表(风热)　虚,产后中风，身热恶风，头目昏痛，腹中拘急疼痛，呼吸气短。,上为粗末。每次9g，用水150m1，煎至100ml，去滓。,温服，不拘时候。,,y,8.0,,,
元,丸,内,1414.0,大辰砂丸,《御药院方》卷一,天麻(去苗)30g  防风(去芦头)60g　细辛(去苗叶、土)15g  薄荷叶15g  川芎30g  甘草<炙)30g  吴白芷30g  朱砂30g(为末),60g,祛风散寒,祛风解表(风寒),外感风寒，鼻塞声重，头昏目眩，项背拘急，手足麻木，肢节疼痛，皮肤瘙痒，卒生瘾疹。,上为细末，炼蜜为丸，如弹子大，朱砂为衣。,每次1丸，食后细嚼，生姜汤送服；茶清亦得。,去芦头,y,8.0,,,
明•张浩,丸,内,1629.0,上清丸,《仁术便览》卷一,玄参15g  乌梅3个  薄荷叶500g　川芎  防风各60g  桔梗15g  砂仁15g  甘草120g,60g,疏风清热，化痰利咽。,祛风解表(风热),风热上侵，咽喉肿痛，痰涎壅盛者。,上为末，炼蜜为丸，如弹子大。,每次1丸，噙化。,,y,8.0,,,
现代,汤,内,1777.0,川芎止痛汤,《新中医》1984；7：24,川芎20～30g  荆芥  防风  全蝎荜茇各10～12g  蜈蚣2条  天麻10g  细辛3～6g,12g,祛风止痛。,祛风解表,三叉神经痛。,水煎，去滓。,温服，一日二次。,,y,8.0,,,
清,散,外,1778.0,川芎石膏散,《古今医统》卷六十四,川芎  石膏  升麻  细辛  草乌  白芷  防风  羌活,wbz,祛风散火止痛。,祛风解表(牙痛),风火牙痛。,上为细末。,擦牙，有涎吐出。,,n,8.0,,,
元•葛可久,汤,内,1782.0,川芎羌活散,《医学启蒙》卷四,川芎  羌活  蔓荆子  防风  白芷　细辛  藁本  石膏各等分,等分,祛风止痛。,祛风解表(头痛),头痛、眩晕。,上为粗散，水煎，去滓。,温服。,,n,8.0,,,
宋,散,内,1784.0,川芎茶调散,《太平惠民和剂局方》 卷二吴直阁增诸家名方)  又名茶调散《世医得效方》卷十,薄荷叶(不见火)240g  川芎  荆芥各120g  香附子(炒)240g(别本作细辛去芦30g)  防风45g  白芷  羌活  甘草(槛)各60g,45g,疏风散寒，清利头目。,祛风解表,外感风邪，偏正头痛，或巅顶作痛，恶寒发热，鼻塞流涕。,上为细末。,每次6g，食后茶清调下。,,y,8.0,,,
明•董宿辑（1470）,汤,内,2803.0,五味子汤,《奇效良方》卷一又名五味汤(《嵩崖尊生》卷十,五味子  杏仁(炒，去皮尖)  桂心各3g  防风(去芦)  甘草(炙)  赤芍药  川芎各6g  花椒0．9g,6g,温阳祛风，止咳定喘。,祛风解表(虚感),素体阳虚，腠理不密，肺脏中风，多汗恶风，时咳短气，昼愈夜甚，偃卧胸满，面色咣白。,上作一服。用水400m1，煎至200m1，去滓。,温服，不拘时候。,去芦,y,8.0,,,
清,散,内,3546.0,升阳散,《嵩崖尊生》(锦章本)卷九,苍术9g  防风4．5g  黄连  木香各1．5g  厚朴  陈皮  枳壳各3g  甘草1．2g,4.5g,燥湿清热，解表和中。,祛风解表(风寒),湿热内蕴，外挟风邪，肠胃不和，致患痢疾，恶寒发热，头身疼痛。,上为末。,每次3g，开水调服。,,y,8.0,,,
清,丸,内,5043.0,生地黄丸,《杂病源流犀烛》卷二十二,生地  黄甘菊  防风  枳壳  决明子  石决明  白芍  茯神各等分,等分,滋阴养肝，祛风止痛。,祛风解表(风邪)　虚,肝阴不足，风邪外侵，致患眉棱骨痛。,研末为丸。,每次9g，一日二次。,,n,8.0,,,
现代,丸,内,5850.0,宁荨丸,《朱仁康临床经验集》,生黄芪310g  防风250g  炒白术250g  桂枝310g  白芍310g  生姜150g  甘草150g  大枣310g,250g,固卫御风。,祛风解表(虚感),慢性荨麻疹，遇风冷即起。,上为细末，炼蜜为丸，每丸重9g,每次2丸，温开水送服，一日二次。,,y,8.0,,,
清,汤,内,5964.0,白苓汤,《古今医统》卷五十一,黄芪(炙)  防风  白茯苓  白术各0．3g  麻黄根  甘草  牡蛎各1．5g  小麦5粒,0.3g,益气固表。,祛风解表(虚感),气虚盗汗。,用水230m1，煎至180m1，去滓。,食远服。,,y,8.0,,,
明•王三才辑。刊于1587年,汤,内,6819.0,芎芷香苏散,《医便》卷二,川芎  白芷  苏叶(紫者，去梗)  香附各3g  陈皮  防风  羌活各24g  甘草1．5g,24g,疏风散寒,祛风解表(风寒),春月伤风，鼻塞声重，或流清涕，咳嗽痰壅气逆，人迎脉浮缓。,加生姜3片，葱白10cm，用水300ml，煎至240ml，去滓。,食后热服。,,y,8.0,,,
明,汤,内,7452.0,竹叶防风汤,《医学入门》卷四,淡竹叶24片  防风  人参  桂枝　桔梗  前胡  陈皮  茯苓各3g,3g,益气扶正，疏风清热。,祛风解表(风热)　虚,产后气虚，外伤风邪，发热头痛，面赤气喘。,加生姜3片，大枣3枚，水煎，去滓。,温服。,,y,8.0,,,
明•张时彻辑。刊于1550年。,丸,内,7808.0,冰梅丸,《摄生众妙方》卷九,大南星25个(鲜者切片)  大半夏50个(切片，鲜者最佳)  皂荚(去弦，净)120g  白矾120g  盐120g  桔梗60g  防风120g  芒硝120g,120g,消肿止痛，化痰开音。,祛风解表(风热)2,风热上攻，咽喉肿痛，痰涎壅盛，喉风喉癣，喉痹乳蛾。,拣七分熟大梅子100个，先将消、盐水浸24小时，然后将各药碾碎入水拌匀，方将梅子置于水中，其水过梅子三指为度，浸七日取出晒干，又入水中，浸透晒干，俟药水干为度，方将梅子入瓷器密封之，如霜衣起愈妙。,以薄绵裹之，噙在口内，令津液徐徐咽下。—痰出即愈。,,,8.0,,,
金,汤,内,8092.0,防风饮子,《兰室秘藏》卷上,细辛  蔓荆子各o．9g  葛根  防风各1．5g  当归身2．5g  炙甘草  黄连  人参各3g,1.5g,疏风清热，益气养血。,祛风解表(风热),倒睫拳毛。,上锉，如麻豆大，作一剂。用水300m1，煎至150ml，去滓。,食远温服。,,y,8.0,,,
明,汤,内,8137.0,防风葛根汤,《普济方》卷三五一,防风  甘葛  茯苓各2．4g  麦冬(去心)2．4g  芍药  黄芩各1．8g  犀角1．2g  甘草0．9g,2.4g,疏风清热，养血补虚。,祛风解表(风热)　产后虚,产后血虚，风热上侵头目痛，语言时僻。,上哎咀。以水450m1，煎取150m1，去滓。,温服，一日二次。,,y,8.0,,,
宋,其它,内,8166.0,如圣饼子,《太平惠民局方》卷三绍兴续添方,防风  天麻  半夏(生)各15g  天南星(洗)  干姜  川乌(去皮尖)各30g  川芎  甘草(炙)各60g,15g,祛风散寒，化痰消饮。,祛风解表(风寒),男子、妇人气厥，上盛下虚，痰饮风寒伏留阳经，偏正头疼，痛连脑巅，吐逆恶心，目瞑耳聋。,上为细末，汤浸蒸饼为丸，如芡实大，捻作饼子，晒干,每次5饼，同荆芥3～5穗细嚼，用茶、酒或熟水送服，不拘时候。,,y,8.0,,,
宋,散,内,8836.0,芦荟散,《圣济总录》卷十六,芦荟  防风各15g  白附子(炮)  白术  天麻  白芷各30g  朱砂(研)  冰片(研)各3．7g    ,15g,祛风泻火，润肠通便。,祛风解表(风热),风邪外客，肝火内蕴，头重疼痛，心膈烦热，大便秘结。,上为细散。,每次1．5g，食后用葱白、薄荷茶调服。,,y,8.0,,,
清,汤,内,8902.0,苏羌达表汤,《重订通俗伤寒论》,苏叶4．5～9g  防风3～4．5g  光杏仁6～9g  羌活3—4．5g  白芷3～4．5g  广陈皮2．4～3g(极重4．5g)  鲜生姜2．4～3g  浙苓皮6～9g,4.5g,辛温发汗。,祛风解表(风寒湿),伤寒挟湿者。,水煎，去滓。,温服。,,y,8.0,,,
宋,丸,内,9170.0,拒风丸,《杨氏家藏方》卷二,天南星  半夏(汤洗七次，切，焙)各60g  藁本  细辛(去叶、土)  川芎  防风  羌活　独活各30g,30g,祛风化痰。,祛风解表(头痛),风虚痰厥，头痛旋晕，如在舟车之上。,上为细末，生姜自然汁煮面糊为丸，如梧桐子大。,每次30丸，食后用生姜汤送服。,,y,8.0,,,
明,汤,内,9481.0,利咽解毒汤,《赤水玄珠》卷二十八,山豆根  麦冬各3g  牛蒡子(炒)　玄参  桔梗各2．1g　甘草0．6g  防风1．5g  绿豆49粒。,1.5g,清热解毒，养阴利咽。,祛风解表(风热)　虚,素体阴虚，又感风热，咽喉肿痛。,水煎，去滓。,温服。,,y,8.0,,,
宋,丸,内,9824.0,羌活丸,《圣济总录》卷十七,羌活  防风  桔梗  白附子  枳壳(去瓤，麸炒)  白蒺藜各15g  蔓荆实9g  皂荚250g(用新汲水浸一宿，揉取汁，以绢滤入铛中，投少许面，慢火煎成膏),15g,祛风化痰。,祛风解表(风邪),风痰上攻，头痛目晕，倦怠无力。,前七味为末，以皂荚膏和为丸，如梧桐子大。,每次20丸，食后用温水送服。,,y,8.0,,,
宋•骆龙吉撰,汤,内,9854.0,羌活散,《内经拾遗方论》卷二引《伤寒举要》,羌活  苍术各8g  川芎  白茯苓　防风  枳壳  桔梗各5g  甘草2g,5g,祛风散寒，解表发汗。,祛风解表(头痛),遇风头痛，或伤寒一、二日，头痛项强，恶寒发热，脉洪大紧数者。,用水400ml，加生姜3片，葱1根，煎至320ml，去滓。,分二次温服，不拘时候。,,y,8.0,,,
明•傅仁宗撰（1644）,煮散,内,10535.0,驱风上清散,《审视瑶函》卷三,酒黄芩6g  白芷4．5g  羌活  防风  柴胡梢各3g  川芎3．6g  荆芥2．4g  甘草1．5g,3g,散风清热。,祛风解表,风热上攻，眉棱骨痛。,上为细末。每次12g，用水400m1，煎取320m1，去滓。,食后服。,,y,8.0,,,
清（日本）片仓yuan周(鹤陵居士)撰,汤,内,11792.0,经效黄耆散,《产科发蒙》卷四,黄芪3．6g  白术  牡蛎  茯苓  防风  麦冬(去心)  地黄各2．4g  大枣8个,2.4g,益气养血，固表止汗。,祛风解表(虚感),产后汗出不止。,用水600m1，煮取200ml，去滓。,空心温服。,,y,8.0,,,
唐,煮散,内,767.0,人参汤,《备急千金要方》卷十三,人参  当归  防风  黄芪  芍药  麦冬各60g  独活  白术  桂心各90g,60g,益气养血，祛风定眩。,祛风解表(虚感),气血两虚，风邪外侵，头目眩晕，眼不得开。,上为粗末，以水2L，煮取600ml，去滓。,分三次温服。,,y,9.0,,,
金,汤,内,988.0,九味羌活汤,《此事难知》卷上引张洁古方)  又名羌活冲和汤(《伤寒全生集》卷二,羌活4．5g  防风4．5g  川芎3g  细辛1．5g  甘草3g  苍术3g(米泔浸)  香白芷3g　黄芩3g  生地3g,4.5g,发汗解表，清热化湿。,祛风解表(风寒湿),外感风寒湿邪，恶寒发热，无汗，头痛项强，肢体疫楚疼痛，口苦而微渴，苔薄白，脉浮。,上哎咀。水煎，去滓。,若急汗，热服，以羹粥投之；若缓汗，温服，,,y,9.0,,,
宋,煮散,内,1740.0,川芎散,《普济本事方》卷四)  又名川芎甘菊散(《杏苑生春》卷五),川芎(洗)  柴胡各30g  半夏曲  甘草(炙)  甘菊  细辛  人参  前胡  防风各15g,15g,疏风散热，健脾和中。,祛风解表(风热),外感风热，半边头痛，鼻塞清涕，眼多眵泪，食欲不振,上为粗末。每次12g，用水150m!，加生姜4片，薄荷5叶，同煎至lOOml，去滓。‘,温服,,y,9.0,,,
宋,煮散,内,2360.0,木乳散,《太平圣惠方》卷二十,木乳30s(酥炙)  旋覆花15g  枳壳22g(麸炒微黄，去瓤)  石膏60g  甘菊花15g   防风15g(去芦头)  川芎15g  甘草15g(炙微赤，锉)  荆芥22g,15g,疏风清热，化痰理气。,祛风解表,风热痰滞壅于胸膈，头痛多痰，时复晕闷。  ,上为粗散。每次9g，以水200m1，加生姜3片，煎至120m1，去滓。,稍热服之，不拘时候。,,y,9.0,,,
明·陶华,汤,内,3625.0,升麻发表汤,《伤寒六书》卷四又名升阳发表汤(《鲁府禁方》卷一),麻黄1.2g  桂枝  甘草各0．9g　杏仁(去皮、尖)  白芷  防风各2．4g  升麻1.5g  羌活  川芎各3g,2.4g,辛温解表，发汗散寒。,祛风解表(风寒),寒邪郁于肌表，发热恶寒，头痛如劈，身如火炽，脊强无汗，脉浮紧。,用水400ml，加生姜3片，葱白2茎，豆豉1撮，煎取320m1，去滓。,分二次热服。宜厚被盖覆取汗。感寒甚重，服不作汗，宜再服二三剂。,,y,9.0,,,
清•罗国纲（1789）,汤,内,4263.0,平治汤,《会约医镜》卷九,枳壳4．5g　桔梗6g  防风  茯苓各4．5g  瓜蒌仁(去油)3g  紫苏子(微炒，研)2．4g(白者不效)  甘草3g  杏仁(去皮、尖)2．18  半夏4．5g,4.5g,宣肺降气，化痰定喘。,祛风解表(风寒),风寒外束，痰热内郁，气急喘息，坐卧不宁。,水煎，去滓。,温服。,,y,9.0,,,
宋,煮散,内,5602.0,白鲜皮汤,《圣济总录》卷十四,白鲜皮12g  麻黄(去根、节)15g  白茯苓22．5g  防风  独活  杏仁(汤浸，去皮、尖、双仁，研)  当归(锉，焙)  芍药各12g  桂7．5g,12g,祛风散寒，清热解毒。,祛风解表(风寒),风邪外侵，热毒内蕴，狂言妄语，精神错乱，腰疼骨痛。,上为粗末。每次9g，用水225ml，煎至180m1，去滓。,空腹温服，一日三次。服讫，取微汗为度。,,y,9.0,,,
宋,煮散,内,6771.0,芎劳汤,《圣济总录》卷一五O,川芎  芍药  牡丹皮各45g  羌活　甘菊花  防风  甘草(炙)各60g  柴胡  半夏(生jiang汁制作饼，晒干)各30g,60g,和血祛风。,祛风解表(风热),妇人血风攻注，身体骨节疼痛，头目昏眩，口苦舌干，多困少力，时发寒热。,上为粗末。每次9g，用水150m1，加生姜3片，薄荷3叶，煎至105m1，去滓。,温服，不拘时候。,,y,9.0,,,
清（日本）片仓yuan周(鹤陵居士)撰,汤,外,6999.0,扫红煎,《产科发蒙》卷四,甘菊花  黄连各4．5g  防风  荆芥  白芷各9g  红花  当归各3g  芒硝6g  白矾1．5g,9g,祛风活血，清热解毒。,祛风解表,诸般眼患，红肿痛烂。,水煎，去滓。,先熏后洗。,,y,9.0,,,
明,散,内,7698.0,全蝎散,《医方类聚》卷二十三引《王氏集验方》,川乌(炮)  草乌(炮)各15g  麻黄45g  川芎  防风  羌活各30g  地龙  雄黄各9g  全蝎10个,30g,祛风散寒，活血通络。,祛风解表(头痛),偏正头疼，一切头风，两太阳穴疼不可忍者。,上为极细末。,每次1．5g，食后、睡时用茶清调服；仍以少许贴太阳穴,,y,9.0,,,
清•谈金章（1661）,汤,内,9466.0,利喉饮,《诚书》卷六,贝母  夏枯草  前胡  防风  苏子(炒，研)  瓜蒂霜  枳壳  丹参  陈皮各等分,等分,祛风消肿，化痰利咽。,祛风解表(头痛),头痛，双蛾。,芦根为引，水煎，去滓。,温服,,n,9.0,,,
明•徐春甫撰，书成于嘉靖三十五年(1556),汤,内,9658.0,辛芎散,《古今医统》卷四十三引《医林方》,细辛  川芎  防风  桔梗  白术  羌活  桑白皮(炒)  薄荷叶各30g  甘草1．5g,30g,疏风散热，宣肺利咽。,祛风解表(风热),风热上壅，头目不清，语音不出。,用水300m1，生姜3片，煎至240ml。,分二次，食后温服。,,y,9.0,,,
宋·王璆,煮散,内,9716.0,沃雪汤,《百一选方》卷七,苍术240g(去皮)  厚朴120g(去皮) 当归(洗)  川芎  白芍药  防风  陈皮(去白)葛根  甘草各60g,60g,祛风散寒，化湿和中。,祛风解表(风寒湿),外感风寒湿邪，壮热恶风，头痛身疼，声重鼻塞，四肢项颈烦倦。,"上畋咀。每次9g，用水225ml，煎至
150ml，去滓。",温服。,,y,9.0,,,
明•董宿,散,内,9855.0,羌活散,《奇效良方》,羌活  防风  旋覆花  独活  川芎 细辛芽  蔓荆子  甘草  石膏,wbz,祛风，清热，止痛。,祛风解表(风热头痛),风热上侵而成之头风。,上锉。水煎，去滓，或研细末。,煎剂，温服；药末，用茶清调服。,,n,9.0,,,
清•俞根初,煮散,内,9857.0,羌活散  ,《重订通俗伤寒论》,羌活  生白术  防风  炒白芍  黄芩各45g  当归90g  白芷  川芎各30g  甘草18g,45g,散寒解表，养血安胎。,祛风解表(风寒),妊娠伤寒，头痛发热，恶寒身痛，胎孕不安，脉浮紧涩者。,上为散。每次15g，水煎，去滓。, 温服。,,y,9.0,,,
清•罗国纲,汤,内,10048.0,补土燥湿汤,《会约医镜》卷十一,山药(炒)9g  白术  茯苓各4．5g 甘草(炙)  羌活2．4g  防风  秦艽  防己  苍术各3g    ,3g ,健脾，祛风，燥湿。,祛风解表(湿邪),湿邪外中，身痛沉重，脉沉细涩。  ,加生姜、大枣为引，水煎，去滓。, 温服。,,y,9.0,,,
清,汤,内,10524.0,驱风散 ,《医宗金鉴》卷五十,苏叶  防风  陈皮  厚朴(姜炒)  枳壳(麸炒)  煨木香  炒僵蚕  钓钩藤  生甘草,wbz,祛风散寒，化湿行气。,祛风解表(风寒),小儿外感风寒湿邪，脐风将作，腹胀脐肿，日夜啼哭。,生姜为引，水煎，去滓。,温服,,n,9.0,,,
清,汤,内,11019.0,和气饮,《医宗金鉴》卷五十二,苍术  紫苏  防风  赤苓  豆豉  藿香  陈皮  厚朴(姜炒)  炙甘草,等分,散寒和气。,祛风解表(风寒),小儿剪脐失护，风寒外袭，粪色清白，腹痛肠鸣。,加生姜1片、灯心18，水煎，去滓。,温服,,n,9.0,,,
宋•张锐,散,外,11571.0,定痛牙散,《普济方》卷六十五,防风  荆芥穗各60g  细辛30g  草乌30g  白芷30g  全蝎22．5g  青盐15g  芒硝30g  青黛15g,60g ,祛风止痛。,祛风解表,牙疼。,上为细末。,先以盐汤漱后，用药少许擦患处，再漱。,,y,9.0,,,
宋,散,内,11773.0,细辛散,《圣济总录》卷一O八,细辛  甘菊花  枳壳(麸炒)  赤芍药各15g  石膏(细研，水飞)  藁本  川芎  防风各30g  甘草(炙)7．5g,30g,祛风清热。,祛风解表(风热),风热上攻，眼睛疼痛，牵连头脑。,上为散。,每次6g，食后用沸汤调服，一日二至三次。,,y,9.0,,,
宋•朱佐,散,内,114.0,一字轻金散,《类编朱氏集验医方》卷九,藿香叶  荆芥穗  旋覆花  香白芷 石膏末(细研)  防风各15g  川乌(两头尖者，去皮、尖，生用)7．5g  天南星7．5g  川芎15z  草乌头4．5g,15g,祛风化痰，清热止痛。,祛风解表,偏正头风，眉棱骨痛，牵引两眼抽掣疼痛，或生翳膜，视物不明。,上十味，晒干，同捣为细末。,每次o．3～o．6g，食后用淡茶调服。,,y,10.0,,,
明•龚信纂辑,丸,内,1630.0,上清丸 ,《古今医鉴》卷九 又名上清噙化丸(《济阳纲目》卷一O五),薄荷叶90g  硼砂15g  天花粉30g  天竺黄15g  风化消  百药煎  防风  孩儿茶各30g  桔梗218  甘草30g,30g,疏风清热，解毒利咽。,祛风解表(风热),风邪热毒内壅，口舌生疮。,上为细末，炼蜜为丸，如弹子大。,每次1丸，噙化，徐徐咽下。,,y,10.0,,,
明,煮散,内,1688.0,千金散,《普济方》卷四十五,川芎  细辛  防风  甘菊花  甘草　石菖蒲  青藤根  全蝎  细芽茶  藁本各30g,30g,祛风通窍，活血止痛。,祛风解表(风热),偏正头痛。,上为粗末。每次15g，水150m1，葱白1根，同煎至105m1，去滓。,食后、临卧服，滓再煎服。,,y,10.0,,,
元,散,内,1734.0,川乌散,《世医得效方》卷十,防风  白附子  北细辛  白茯苓  川乌  菖蒲  干姜  香白芷  川芎  甘草节各等分,等分,祛风散寒，宣肺通窍。,祛风解表(风寒),脑漏,上为细末。,每次9g，嚼生葱，食后用白汤调服。,,n,10.0,,,
明,散,内,1986.0,飞虎散,《医方类聚》卷八十二引《瑞竹堂方》,白附子  香白芷  荆芥穗  石膏(煅，研)  薄荷叶  天麻  川芎  防风各15g  两头尖30g(黑心者不用，明白者佳)  苍术30g(泔浸),15g,祛风止痛，清利头目。,祛风解表,偏正头痛。,上为极细末。,每次3g，临卧用温茶清调服。,,y,10.0,,,
元•倪维德,汤,内,2086.0,无比蔓荆子汤,《原机启微》卷下,黄芪  人参各3g  黄连  柴胡各2．1g  蔓荆子  当归  葛根  防风各1．5g  生甘草3g  细辛叶0．9g,1.5g,疏风清热，益气扶正。,祛风解表(风热),眼棱紧急，以致倒睫拳毛，损睛生翳，及上下睑眦赤烂，羞涩难开，眵泪稠粘。,上作一服。用水300m1，煎至150m1，去滓。,分二次温服。,,y,10.0,,,
明•徐彦纯撰,煮散,内,3068.0,中和汤,《玉机微义》卷十五,菖蒲  牛蒡子  羌活  川芎  防风  漏芦  荆芥  麦冬  前胡各等分  甘草减半,等分,清热消肿，和解表里。,祛风解表(风热),时毒疮肿，邪在半表半里，脉弦洪者。    ,上哎咀。每次30g，水煎，去滓。,温服。一日3次。,,n,10.0,,,
宋,丸,内,3872.0,乌犀天麻丸,《杨氏家藏方》卷二,犀角屑  天麻(去苗)  细辛(去叶、土)  防风(去芦头)  川芎  香白芷  羌活(去芦头)  甘菊花各30g  冰片(别研)  麝香(别研)各3g,30g,疏风清热，开窍醒神。,祛风解表(风热),风热上攻头面，口目咽动，精神昏愦，咽膈不利。,上为细末，入脑、麝研匀，炼蜜为丸，每30g作8丸。,每次1丸，食后细嚼，茶清送服。,去芦头,y,10.0,,,
宋,煮散,内,3903.0,丹参散,《大平圣惠方》卷九十,丹参15g  露蜂房7．5g(微炙)  川升麻15g  防风15g(去芦头)  连翘15g  黄芪15g(锉)  川大黄15g(锉碎，微炒)  甘草15g(炙微赤，锉)  牛蒡子15g(微炒)  枳壳22．5g(麸炒)    ,15g,祛风清热，活血通便。,祛风解表(风热),小儿风热，项腋下有恶核不消，大便多秘，心神烦热。,上为粗散。每次3g，以水150ml，煎至75ml，去滓。,温服。,,y,10.0,,,
宋,汤,内,4720.0,归活温经汤,《陈素庵妇科补解》卷一,当归  羌活  独活  防风  川芎  丹参  青皮  香附  乌药  川断,wbz,补血温经，疏风散寒。,祛风解表(风寒),妇人经行量多，筋脉失养，风寒乘虚外袭，遍体作痛，痛如行痹。,水煎，去滓。,分二次温服。,,n,10.0,,,
明•陶华,汤,内,6837.0,再造散,《伤寒六书》卷三)  又名再造饮(《赤水玄珠》卷十八,黄芪  人参  桂枝  甘草  熟附子　细辛  羌活  防风  川芎  煨生姜,wbz,益气助阳，发汗解表。,祛风解表(风寒),伤寒头痛发热，项脊强，恶寒无汗，用发汗药二、三剂而汗不出，脉无力者，此阳虚不能作汗，名曰无阳证。,用水400m1，加大枣2枚，煎至200ml；捶法再加炒白芍1撮，煎三沸，去滓。,温服,,n,10.0,,,
元,煮散,内,6993.0,托里温经汤,《卫生宝鉴》卷十三,人参  苍术各3g  白芍药  甘草(炙)各4．5g  白芷　当归身  麻黄(去根、节)各6g  防风  葛根各9g  新升麻12g,9g,温经散寒，托里和营。,祛风解表(风寒),寒袭皮毛，郁遏经络，不得伸越，热伏荣中，聚为赤肿，痛不可忍，恶寒发热，肢体疼痛。,上哎咀。每次30g，用水450ml，先煎麻黄令沸，去沫，再下余药，同煎至150ml，去滓。,大温服讫，卧于暖处，以绵衣覆之，得汗而散。,,y,10.0,,,
汉,汤,内,7375.0,竹叶汤 ,《金匮要略》卷下,竹叶12g  葛根9g  防风  桔梗  桂枝  人参  甘草各3g  附子6g(炮)  大枣3枚　生姜15g    ,3g,温阳益气，疏风解热,祛风解表(风热),产后阳虚，外感风热，发热恶寒，头痛身疼，面赤，或四肢欠温，脉沉无力。, 以水1．2L，煮取300ml，去滓。,分三次温服。温覆使汗出。,,y,10.0,,,
清,汤,内,7401.0,竹沥汤,《医略六书》卷二十四,竹沥lOOml  麻黄2．4g  附子4．5g(炒)  防己9g  干姜4．5g(炒)  白术4．5g(炒)　葛根4．5g  甘草1．5g  防风4．5g  桂心4．5g,4.5g ,助阳祛风，生津宣痹。,祛风解表(风寒),阳虚津气不足，风寒袭入经络。致患脚气，足胫痹弱，脉浮细数者。,以水600ml，煎取420ml，去滓，入竹沥煎沸。,分三次温服。,,y,10.0,,,
宋,丸,内,8076.0,防风丸 ,《圣济总录》卷一八二,防风  连翘  桑根白皮(炙，锉)  牡丹皮  白头翁  黄柏(微炙)  豉(炒令黄)  独活　秦艽各30g  海藻(洗去咸，焙)90g,30g,祛风清热，软坚散结。,祛风解表(风热),小儿瘰疬结核，寒热。,上为细末，炼蜜为丸，如麻子大。,"每次3丸，米饮送服，早晨、日晚各一
次。",,y,10.0,,,
清,煮散,内,8533.0,杜仲散,《产科发蒙》卷二,杜仲12g  阿胶(炙)  防风  狗脊　川芎  芍药  细辛  五加皮  萆薢各9g  杏仁(炒)3g,9g,补肝益肾，祛风止痛。,祛风解表(风寒),妊娠肝肾不足，外感风寒，腰痛不可忍，或连胯痛。,每次15g，以水200m1，煎取100ml，去滓。,温服,,y,10.0,,,
宋,煮散,内,9350.0,吴茱萸汤,《圣济总录》卷三十六,吴茱萸(汤洗，焙干，炒)  苍术(米泔浸一宿，切，焙)  鳖甲(去裙澜，醋炙)  防风(去叉) 人参  川芎  藿香叶  柴胡  肉豆蔻(去壳)  甘草(炙)各15g,15g,温脾散寒，化湿和中。,祛风解表(风寒),脾疟。寒热时作，肌瘦食减，肠泄腹痛。,上为粗末，每次20g，用水150ml，入生姜2片，煎至105ml，去滓。,未发前温服。,去叉,y,10.0,,,
宋,散,内,9661.0,辛夷散,《济生方》卷五,辛夷仁  细辛  藁本  升麻  川芎　木通  防风  羌活  甘草(炙)  白芷各等分,等分,祛风散寒，利湿通窍。,祛风解表(风寒),风寒湿邪上侵，鼻内壅塞，涕出不已，或气息不通，或不闻香臭,上为细末。,每次6g，食后用茶清调服。,,n,10.0,,,
清,膏,内,9663.0,辛夷膏,《嵩崖尊生》卷六,羌活  防风  苍术  茯苓  猪苓  泽泻  茵陈  甘草  桑白皮  地骨皮各等分,等分,祛风清肺，健脾利湿。,祛风解表(风热),鼻内生赘肉，疼痛，涕浊气臭。,制成膏剂。,每次10ml，开水化服。,,n,10.0,,,
清•黄庭镜,汤,内,9707.0,治金煎,《目经大成》卷三,玄参  桑皮  枳壳  黄连  杏仁  旋覆花  防风  黄芩  白菊  葶苈子,wbz,疏风清肺。,祛风解表(风热),风热上侵，肺火内蕴，白睛肿胀，日夜疼痛。,水煎，去滓。,分二次温服。,,n,10.0,,,
金,煮散,内,9837.0,羌活汤,《兰室秘藏》卷中,炙甘草2．1g  泽泻9g  瓜蒌根(酒洗)  白茯苓  黄柏(jiu炒)各15g  柴胡21g  防风  细黄芩(酒洗)  黄连(jiu炒)  羌活各30g,30g,散风清热利湿。,祛风解表(风热),风热上攻，头目昏眩；或眩晕面浮而挟温热者。,上为粗末。每次15g，用水500ml，煎至250ml，取清去滓。,食后、临卧通口热服。,,y,10.0,,,
明,散,外,9852.0,羌活散,《普济方》卷六十五引《海上方》,胡椒  花椒  川芎(炮)各6g  荆芥穗  白芷  防风  草乌  羌活  荜茇  露蜂房各15g,15g,散风止痛。,祛风解表,牙疼,上药晒干为末。,揩牙，盐汤漱之。,,y,10.0,,,
宋,丸,内,10469.0,鸡苏丸 ,《杨氏家藏方》卷三,鸡苏叶250g  荆芥穗30g  防风30g  黄芪(生用)  生地黄  桔梗(炒)各15g  甘草  川芎  甘菊花各7．5g  脑子1．5g(别研),30g,疏风清热，益气养阴。,祛风解表,风热上壅，气虚阴伤，头目不清，面赤咽干，痰嗽烦渴，衄血嗽血,上为细末，炼蜜为丸，每30g作10丸。,每次1丸，麦门冬(去心)煎汤嚼下。,,y,10.0,,,
元,散,内,1606.0,万应蝉花散,《原机启微》卷下,蝉蜕(去土)15g  蛇蜕(炙)9g  川芎  防风  羌活  炙甘草  当归  白茯苓各30g  赤芍药90g  苍术120g  石决明(东流水煮一伏时，研极细)45g,30g,疏风散热，退翳明目。,祛风解表(风热),上焦有风热，目病日久，白睛微变青色，黑睛稍带白色，黑白之间赤环如带，谓之抱轮红，视物不明，昏如雾露，中睛白，高低不平，其色如死，甚不光泽，口干舌苦，眵多羞涩。,上为细末。, 每次6g，食后、临卧时浓米泔调服；热茶清亦得。  ,,y,11.0,,,
金,散,内,1742.0,川芎散,《兰室秘藏》卷中,川芎0．9g  柴胡2．1g  羌活  防风  藁本  生甘草  升麻各3g  熟甘草  酒生地黄各6g  酒黄连(炒)  酒黄芩各13．5g,3g,疏风清热,祛风解表(风热),风热头痛及目病,上为细末,每次3～9g，食后茶清调服。,,y,11.0,,,
清·费伯雄,汤,内,6147.0,加味桂枝汤 ,《医醇剩义》卷一,桂枝2．4g  白芍4．5g  甘草1．5g 怀牛膝6g  川牛膝4．5g  当归6g  蚕沙12g  秦艽3g  防风3g  红枣5枚  生姜3片,3g ,疏风舒筋，活血通络。,祛风解表(风邪),风入肌表，肌肉不仁，或手指、足趾麻木。,水煎，去滓。,温服。,,y,11.0,,,
清•破头黄真人 撰,汤,内,8131.0,防风消毒散,《喉科秘诀》卷下,防风2.1g  黄芩3g  薄荷1.5g  羌活1.5g  升麻1.5g  天花粉3g  桔梗3g  半夏1.5g  川芎1.5g  荆芥1.5g  甘草0.9g,2.1g,疏风清热，化痰利喉。,祛风解表,喉风。,水煎，去滓。, 温服。,,y,11.0,,,
金,煮散,内,8210.0,欢喜散,《小儿卫生总微论方》卷七又名清解散(《直指小儿方》人参清解散(《奇效良方》卷六十四),防风  人参  甘草(炙)  天麻  前胡各7．5g  细辛  柴胡各4．5g  白茯苓(去黑皮)桔梗各6g  枳壳(去瓤，麸炒)7．5g  川芎9g,7.5g,疏风解表，扶正祛邪。,祛风解表(风寒)虚,小儿伤风寒，发热头痛，无汗恶风；或温热鼻塞流清涕，泪出嚏喷。,上为细末。,每三岁以上用3g，以水150m1，加薄荷2叶，同煎三、两沸，通口服,,y,11.0,,,
金,煮散,内,8607.0,丽泽通气汤,《兰室秘藏》卷上,黄芪12g  苍术  羌活  独活  防风 升麻  葛根各9g  炙甘草6g  麻黄(不去节，冬月加)  花椒  白芷各3g,9g,益气固卫，祛风通气。,祛风解表(风寒)虚,肺虚感受风寒所致之鼻不闻香臭。,上哎咀。每次15g，加生姜3片，大枣2枚，葱白10cm，同煎至150m1，去滓。,食远温服,,y,11.0,,,
明,丸,内,9137.0,辰砂抱龙丸,《万氏家抄方》卷五,天竺黄  陈皮  茯神(去皮、木)  明天麻各30g  胆星60g  甘草  雄黄  防风各15g  麝香4．5g  朱砂15g(水飞)  枳壳(炒)15g,15g,疏风清热，化痰安神。,祛风解表(风热),小儿伤风咳嗽，痰喘烦渴，鼻流清涕，惊悸风热。,上为细末，山药糊为丸，如芡实大。,每次1丸，灯心、薄荷汤送服；伤风痰盛、紫苏、生姜汤送服。,,y,11.0,,,
金,汤,内,9870.0,羌活附子汤,《东垣试效方》卷五又名羌附汤(《脉因证治》卷二羌活黑附汤(《医学入门》卷七,麻黄0．9g(不去根、节)  黑附子o．9g  羌活1．5g  苍术1．5g  防风0．6g  黄芪3g  甘草  升麻各0．6g  白芷  白僵蚕  黄柏各0．9g,0.6g,温经助阳，散寒止痛。,祛风解表(头痛),冬月大寒犯脑，致患脑风，脑痛齿亦痛。,上作一服。用水300ml，煎至150m1，去滓。,食后温服,,y,11.0,,,
明,汤,内,11437.0,泻胃汤,《万病回春》卷五,当归  川芎  赤芍  生地黄  黄连　牡丹皮  栀子  防风  荆芥  薄荷  甘草,wbz,疏风泻火,祛风解表(牙痛),牙痛,上锉1剂，水煎，去滓,食远频服,,n,11.0,,,
明,汤,内,1389.0,大力子汤,《古今医鉴》卷三,黄芩(酒洗)6g  黄连(jiu炒)6g  桔梗4．5g  甘草3g  连翘3g  牛蒡子(炒，研)  玄参各3g  大黄(酒蒸)4．5g  荆芥1g  防风1g  羌活lg  石膏l.5g,1g,清热解毒，祛风消肿。,祛风解表,大头天行病，腮颊颈项肿胀，头疼发热。,上锉。加生姜3片，水煎，去滓。,温服,,y,12.0,,,
宋,煮散,内,1506.0,大补黄耆汤,《魏氏家藏方》卷四,黄芪(蜜炙)  防风(去芦)  川芎  山萸肉(去核)  当归(去芦，jiu浸)  白术(炒)  肉桂(去粗皮，不见火)  甘草(炙)  人参(去芦)  五味子各30g  白茯苓45g(去皮)  熟地黄60g(洗)  肉苁蓉90g(jiu浸),30g,补气养血，固表敛汗。,祛风解表(虚感),自汗，气血俱虚者。,上？咀。每服15g，用水220ml，加生姜5片，大枣1枚，同煎至180m!，去滓。,空心、食前温服。,去芦,y,12.0,,,
元,散,内,1744.0,川芎散,《卫生宝鉴》卷九,川芎  细辛  羌活  槐花  石膏  香附子  甘草(炙)各15g  荆芥  薄荷  茵陈  防风(去叉)  菊花各30g ,30g,祛风清热。,祛风解表,风热上扰，偏正头疼，昏眩。,上为细末,每次6g，食后茶清调服，一日三次。,去叉,y,12.0,,,
金,煮散,内,2041.0,比金散,《宣明论方》卷三,麻黄  白芷  细辛  荆芥穗  菊花  防风  石膏  何首乌  川芎  薄荷  干蝎  草乌头各等分,等分,解表散寒,祛风解表(风寒),伤寒冒风，头目痛，四肢拘急，鼻塞。,上为细末。每次3g，用水150m1，煎至120m1，去滓。, 温服,,n,12.0,,,
宋,丸,内,2251.0,天麻除风丸,《杨氏家藏方》卷二,天麻  防风  细辛  藁本  川芎　香白芷  干山药  黄芪(蜜炙)  蝎梢(略炒，去毒)  当归(洗，焙)各30g  甘草16g(炙)  白附子15g(炮),30g,祛风通络,祛风解表(风寒),风气上壅，头昏目涩，鼻塞耳鸣，项背拘急，肢体倦怠。,上为细末，炼蜜为丸。每30g作10丸。,每次1丸，食后用茶或酒送服。,,y,12.0,,,
明,汤,内,3530.0,牛蒡芩连汤,《万病回春》卷二,连翘  牛蒡子(另研)  玄参各3g　大黄  荆芥  防风  羌活各1g  石膏  桔梗各4．5g  甘草3g  黄芩(jiu炒)7．5g  黄连(jiu炒)4．5g,1g,清热解毒，疏风散邪。,祛风解表,大头瘟，积热在上，头项肿起，或面肿，多从耳根下起。,上锉一剂。加生姜1片，水煎，去滓。,每150m1药分20次，食后温服。常令药在上，勿令饮食在后也。,,y,12.0,,,
清,丸,内,4410.0,玉液上清丸,《杂病源流犀烛》卷二十四,薄荷叶420g  柿霜150g  桔梗135g  甘草105g  川芎84g  百药煎15g  防风48g　砂仁13．5g  青黛9g  冰片  元明粉  白硼砂各6g,48g,生津液，化痰涎。,祛风解表(风热),风痰上壅，头目不清，咽喉肿痛，口舌生疮。,上为细末，炼蜜为丸，如鸡头子大。,每次1丸，噙化，不拘时候。,,y,12.0,,,
清,汤,内,6034.0,加味八珍汤,《医宗金鉴》卷四十七,人参、白术、茯苓、当归、白芍、熟地黄、川芎、炙甘草、黄芪  附子  肉桂  防风,wbz,益气补血，疏风散寒,祛风解表(产后虚感),产后血气不足，脏腑皆虚，腠理不密，汗常自出，风邪乘虚袭中经络，头项、肩背强直，状如角弓反张。,水煎，去滓。,温服,,n,12.0,,,
明,煮散,内,6130.0,加味泻白散,《症因脉治》卷一,桑白皮  地骨皮  桔梗  杏仁  防风  黄芩  瓜蒌仁  知母  薄荷  枳壳  陈皮  甘草各等分,等分,宣肺清热，化痰止咳。,祛风解表(风邪),外感风邪，肺伤咳嗽，腋痛。,上为散。每次9g，水煎，去滓。,温服,,n,12.0,,,
明,煮散,内,6633.0,地黄清肺饮,《婴童百问》卷八)  又名清肺汤(《古今医统》卷八十九)  清肺饮(《育婴秘诀》卷四,桑白皮(炒)15g  紫苏  北前胡  防风  赤茯苓  黄芩  天冬(去心)  当归  连翘　桔梗  生地黄  甘草(炙)各7．5g,7.5g,养阴清肺。,祛风解表(风热),"小儿肺热疳蜃(匿字下面两个虫)，咳嗽气逆，多啼，壮热,恶寒，鼻外生疮。",上锉散。每次6g，水煎，去滓。,食后温服,,y,12.0,,,
宋,丸,内,6753.0,芎辛丸,《普济本事方》卷四,川芎  防风  僵蚕(去丝咀，炒)  独活(黄色如鬼眼者，去芦，洗，焙)各30g  天麻120g  桔梗(炒)90g  细辛  白附子(炒)  羌活  甘草(炙)各15g  薄荷  荆芥穗各45g,30g,祛风化痰,祛风解表,风痰壅于上膈，头痛面赤，烦闷咽干，头目昏晕，百节疼痛，背项拘急。,上为细末，炼蜜为丸，如弹子大。,每次1丸，食后用茶、酒嚼下。,,y,12.0,,,
清,汤,内,8934.0,赤荆汤,《外科全生集》卷四,川连  甘草各3g  苏梗  牛蒡  玄参  赤芍  荆芥  连翘  黄芩  花粉  射干  防风各4.5g    ,4.5g ,清热解毒，祛风利咽。,祛风解表,缠喉风等一切喉证。,水煎，去滓。,温服,,y,12.0,,,
宋,煮散,内,9145.0,来苏散,《太平惠民和剂局方》卷二续添诸局经验秘方,柴胡  甘草(炙)  干姜各60g  肉桂(不见火)  桔梗  防风  荆芥穗  五加皮各30g　芍药15g  麻黄(去节)  陈皮(去白)各45g  黄芪(蜜水浸一宿，炙)7．5g,30g,解表散寒，健脾和中。,祛风解表,四时温疫、伤寒，身体壮热，头痛憎寒，项脊拘急，浑身疼痛，烦渴闷乱，大小便涩，嗜卧少力，不思饮食。,上为细末。每次6g，用水150ml，入生姜3片，同煎至120ml，去滓。,热服，不拘时候。,,y,12.0,,,
明,汤,内,9867.0,羌活芎藁汤,《审视瑶函》卷三,半夏(jiang汁炒)  杏仁(去皮、尖)  川羌活  藁本  川芎  防风  白茯苓  甘草  白芷　麻黄  广陈皮  桂枝各等分,等分,祛风解表，散寒止痛。,祛风解表(头痛),风寒客于太阳经所致的头风头痛，夜热恶寒。,上锉一剂。水煎，去滓。,温服,,n,12.0,,,
清,汤,内,10064.0,补中益气汤,《医方一盘珠》卷三,黄芪  当归各9g  白术  广陈皮　川升麻各2．4g  人参  柴胡  甘草各1．8g  桂枝  防风  木通各3g  木瓜2．4g,3g,补中益气，祛风利湿。,祛风解表(虚感),体虚冒风发肿,姜皮为引，水煎，去滓。,温服,,y,12.0,,,
清,汤,内,10911.0,败毒散,《仙拈集》卷一,防风  荆芥  羌活  前胡  升麻  干葛  赤芍  桔梗  川芎  白芷  牛蒡子  甘草,wbz,祛风解表，解毒消肿。,祛风解表(风热),天行时疫，头面肿大，咽喉不利，舌干口燥，憎寒壮热，四时瘟疫。,加生姜、葱白，水煎，去滓。,热服。出汗。,,n,12.0,,,
明,汤,内,11405.0,泻心汤,《异授眼科》,通草  山栀  黄连  生地  甘草  滑石  荆芥  防风  当归  芍药  大黄  紫草,wbz,清心泻火，凉血消肿。,祛风解表(风热),夏月眼红，胬肉攀睛，热泪不止，刺痛难开，身热，口舌生疮。, 水煎，去滓。,温服。,,n,12.0,,,
元·王好古,煮散,内,1417.0,大羌活汤 ,《此事难知》卷上, 防风  羌活  独活  防己  黄芩  黄连  苍术  白术  甘草(炙)  细辛各9g  知母 川芎  地黄各30g,9g,祛风散寒，化湿清热。,祛风解表(风寒湿),外感风寒湿邪，里有蕴热，头痛，发热恶寒，口干而渴，心烦腹满。,上畋咀。每次15g，用水300ml，煎至220ml，去滓。,热饮。,,y,13.0,,,
宋,煮散,内,1779.0,川芎当归散,《妇人大全良方》卷四,川芎30g  当归22．5g  羌活  旋覆花  华阳细辛  蔓荆子  防风  石膏  藁本  荆芥穗  半夏曲  生地黄  甘草各15g,15g,祛风清热，行血止痛。,祛风解表,妇人血风头痛。,上父咀。每次9g，用水150ml，加生姜3片，煎至100ml，去滓。,温服。,,y,13.0,,,
现代,丸,内,5892.0,头痛丸,《北京市中药成方选集》,乳香(炙)60g  白芷60g  柴胡60g　没药(炙)60g  川芎60g  黄连45g  黄芩45g  防风45g  薄荷45g  菊花45g  生栀子75g  羌活30g  甘草15g,45g,活血散风，清热止痛。,祛风解表(风热),伤风感冒，风热上炎，偏正头痛，眩晕目赤。,上为细末，过罗，炼蜜为丸，重7．5g。,每次2丸，用温开水送服，一日二次。,,y,13.0,,,
宋,煮散,内,5983.0,半夏左经汤,《三因极一病证方论》卷三,半夏(汤洗去滑)  干葛  细辛  白术  茯苓  桂心  防风  干姜(炮)  黄芩  小草　甘草(炙)  柴胡  麦冬(去心)各22．5g,22.5g,疏风散寒，清热化湿。,祛风解表(风寒),风寒暑湿流注足少阳经，发热，头疼，眩晕，腰胁痛，呕吐宿汁，耳聋，惊悸，热闷心烦，气喘肩息，两腿麻痹，缓纵不随。,上为散。每次15g，用水225ml，加生姜3片，大枣1个，煎取160ml，去滓。,空腹服,,y,13.0,,,
宋,散,内,6752.0,芎连散,《圣济总录》卷十五,川芎  连翘  羌活  柴胡  防风  黄芩  木贼(去节)  荆芥穗  甘菊花  旋覆花各15g  地骨皮30g  甘草(炙，锉)  石膏(捣研)各60g,15g,疏风清热,祛风解表,外感风邪，内有蕴热，致患脑风，鼻息不通，时出清涕，项背拘急，久成眩晕。,上为散,每次6g，食后、临卧淡竹叶汤调服，一日三次。,,y,13.0,,,
宋,煮散,内,6757.0,芎羌散,《普济本事方》卷十  又名芎归散(《永类钤方》卷十六)  旋覆花汤 (《证治准绳·女科》卷二,川芎30g(洗)  当归22．5g(薄切，焙干)  羌活  旋覆花  细辛(华阴者，去叶)  蔓荆子(拣)  石膏(生)  藁本  荆芥穗  半夏曲(炒)  防风  熟地黄(酒洒，九蒸九晒，焙干)  甘草各15g(炙),15g,养血补肝，疏风清热。,祛风解表,妇人肝经血虚，外受风邪，内有蕴热，致患头风，每发必掉眩，如在车上。,上为末。每次6g，用水300m1，加生姜5片，同煎至210ml，去滓。,温服，不拘时候,,y,13.0,,,
宋,煮散,内,6792.0,芎菊散,《圣济总录》卷十七,川芎  甘菊花(择)各30g  羌活9g　防风0．9g  细辛  白僵蚕(炒)各90g  草决明  旋覆花(择)  蝉蜕(洗，焙)各3g  蜜蒙花(择)  天麻  荆芥穗  甘草(炙)各15g,0.9g,疏风清热,祛风解表,风热上侵，头目旋运，目视昏暗，肝气不清。,上为细散。每次6g，用水150m1，煎至105m1。,食后温服，汤点亦得。,,y,13.0,,,
明,汤,内,8743.0,芩连消毒汤,《伤寒六书》卷三,黄芩  柴胡各3g  桔梗  川芎  防风  羌活  枳壳各2．4g  甘草0．9g  连翘  射干  白芷  黄连各2．1g  荆芥3g,2.4g,清热解毒，消肿利咽。,祛风解表,大头瘟病。发热恶寒，头项肿痛，脉洪数；痰热喉痹,上用水400ml，加生姜3片，煎至200m1，加鼠粘子l撮，再煎一沸，兑入竹沥、姜汁少许。,温服,,y,13.0,,,
明,汤,内,9253.0,连翘防风汤,《保婴撮要》卷十二,连翘(研碎)  防风  黄连  陈皮  芍药  当归  独活  白蒺藜(炒，去刺)  荆芥  茯苓　 黄芩  甘草  牛蒡子(炒，研)各等分,等分,疏风清热，解毒消肿。,祛风解表(风热),小儿外感风热时毒，头面生疮。,每服6g，水煎。,温服,,n,13.0,,,
清,汤,内,9361.0,吴茱萸汤,《医宗金鉴》卷四十四,当归  肉桂  吴茱萸  丹皮  半夏(制)  麦冬各6g  防风  细辛  藁本  千姜  茯苓  木香  炙甘草各3g,3g,祛风散寒，温经止痛。,祛风解表(风寒),妇女经行腹痛，胞中不虚，惟受风寒为病者。,水煎，去滓。,温服，一日二次。,,y,13.0,,,
宋,煮散,内,9849.0,羌活散,《太平惠民和剂局方》卷一,前胡  羌活  麻黄(去根、节)  白茯苓  川芎  黄芩  甘草(槛)  蔓荆子(去白、皮)　枳壳(去瓤，麸炒)  细辛  石膏(别研)  菊花(去梗)  防风各30g,30g,疏风清热,祛风解表(风热),风热外侵，头目昏眩，痰涎壅滞，遍身拘急，或头痛项强，鼻塞声重，肢节烦痛，天阴风雨，预觉不安。,上为末，入石膏研匀。每次6g，用水300m1，加生姜3～4片，薄荷2～3叶，同煎至210ml，去滓。,稍热服，不拘时候,,y,13.0,,,
金,散,外,9853.0,羌活散,《兰室秘藏》卷中又名细辛散(原书同卷,藁本  香白芷  桂枝各o．98  苍术  升麻各1．5g  当归身1．8g  草豆蔻仁3g  羌活4.5g  羊胫骨灰6g  麻黄(去根、节)  防风各9g　柴胡15g  细辛少许,9g,祛风散寒，固齿止痛,祛风解表(风寒),风寒湿邪犯脑，脑痛，项筋紧急，牙齿动摇，肉龈袒脱疼痛。,上为细末,先用温水漱口净，将药末擦患处。,,y,13.0,,,
明,汤,内,10935.0,明目流气饮,《扶寿精方》卷三,当归(jiu浸)  川芎  地黄(jiu浸)  芍药  甘菊  龙胆草(jiu浸)  防风  防己  炙甘草　香附(童便浸)  决明子  密蒙花  木贼,wbz,祛风清热，养血明目。,祛风解表(风热),倒睫赤烂，时行暴赤。,水煎，去滓。,上半日服。,,n,13.0,,,
元末,煮散,内,11420.0,泻肝散,《银海精微》卷上,归尾  大黄  黄芩  知母  桔梗  茺蔚子  芒硝  车前子  防风  赤芍药  栀子  连翘  薄荷各等分,等分,泻肝凉血，祛翳明目。,祛风解表(风热),五翳遮睛。初则红肿，赤脉穿睛，渐渐生白翳膜，初起时如碎米，久则成片遮满乌睛，凝结如五色。,每次18g，水煎，去滓。,温服,,n,13.0,,,
明,其它,内,2224.0,天麻饼子,《外科正宗》卷四,天麻  草乌(汤泡去皮)  川芎  细辛  苍术  甘草  川乌(汤泡去皮)  薄荷  甘松  防风  白芷  白附子(去皮)各五钱  雄黄  全蝎各9g,15g,祛风止痛,祛风解表(头痛),风火痰湿上攻，头痛，目昏眩，项背拘急，肢体烦痛，肌肉蠕动，耳哨蝉鸣，鼻塞多嚏，皮肤顽麻，瘙痒瘾疹；及妇人头风作痛，眉棱骨疼，牙齿肿痛，痰逆恶心。,上为细末，寒食面打糊捣稠如寒豆大，捻作饼子。,每次20～30饼，于食后细嚼，葱头汤送下。属火热痰痛者茶汤下。甚者日进二服。,,y,14.0,,,
现,丸,内,4120.0,双解香苏丸,《北京市中药成方选集》, 陈皮180g  枳壳(炒)180g  柴胡180g  香附(醋炙)180g  葛根180g  杏仁(去皮，炒)180g  川芎180g  苍术(炒)180g  白芷180g 羌活300g  苏叶360g  防风240g  乌药90g 甘草90g,240g, 解肌发汗，祛风除湿。,祛风解表(风寒湿),外感风寒湿邪，发热怕冷，头痛无汗，肢体酸痛。,上为细末，过罗，用冷开水泛为小丸。,每次6g，温开水送服，一日二次。,,y,14.0,,,
清,汤,内,4493.0,甘羌麻附饮,《证治宝鉴》卷十一,甘草  天麻  芥  羌活  防风  薄荷  黄芩  麻黄  干蝎  僵蚕  白芷  竹叶  附子 细辛,wbz,温经散寒，祛风化痰。,祛风解表(风寒痰湿),风寒痰湿侵入三阳经，致患头痛者。, 水煎，去滓。, 温服，一日二次。,,n,14.0,,,
明,汤,内,6118.0,加味防风汤,《寿世保元》卷六,防风3g  黄芩(jiu炒)4．5g  人参  白及各3g  麦冬(去心)6g  生甘草1．5g  知母3g  炒白芍3g  怀生地(酒洗)3g  黄柏(jiu炒)3g  黄芪3g  黄连(jiu炒)3g  当归头  百合各3g,3g,益气养阴，散寒清热。,祛风解表(风寒),气阴两虚，外寒内热，鼻流浊涕，久而不愈，甚则流涕腥臭，而成脑漏。,上锉。水煎，去滓。,食远温服。,,y,14.0,,,
宋,其他,内,6375.0,圣饼子,《魏氏家藏方》卷二,天南星(汤泡七次)  半夏(汤泡七次) 防风(去芦)  干姜(泡洗)  甘草(炙)  细辛  禹白附(生)  芒硝(别研)  太阴石(别研)  川芎  白僵蚕(直者，炒去丝)  陈皮(去白)  川乌头(生，去皮、脐)  薄荷叶各30g,30g,疏风化痰，散寒止痛。,祛风解表(风寒),风寒挟痰上攻，致患头风。,"上为细末，生姜自然汁拌和，打成饼
子，如钱大。",每次l饼，食后细嚼，茶汤送服。,去芦,y,14.0,,,
清,汤,内,1117.0,三痹汤,《张氏医通》卷十四又名改定三痹汤(《类证治裁》卷五,人参  黄芪(jiu炒)  白术  当归  川芎  白芍  茯苓各3g  甘草(炙)  桂心  防己　防风  乌头(炮)各1．5g  细辛18  生姜3片  红枣2枚,1.5g,补气养血，祛风胜湿。,祛风解表(风寒湿),风寒湿邪外侵，气血凝滞，手足拘挛。,水煎，去滓。,热服，不拘时候。,,y,15.0,,,
明,汤,内,1415.0,大连翘饮,《万病回春》卷七,连翘  瞿麦  滑石  车前子  牛蒡子  赤芍  栀子  木通  当归  防风各1．2g  柴胡  黄芩  荆芥各3．6g  蝉蜕1．5g  甘草4．8g,1.2g,疏风清热，利水通淋。,祛风解表,小儿伤风感冒，发热痰壅，风热丹毒肿痛，痈疖，眼目赤肿，口舌生疮，咽喉疼痛，小便淋沥，疹后余毒。,温服，不拘时候,疏风清热，利水通淋。,,y,15.0,,,
宋,煮散,内,1930.0,小调经散,《陈素庵妇科补解》卷五,当归须  白术  半夏  甘草  丹皮  赤茯苓  防风  香附  陈皮  赤芍  人参  川芎  黄芪 生地  没药,wbz,益气补血，化瘀祛湿。,祛风解表(风湿)2,产后气血两虚，瘀血未尽，外感风湿，四肢浮肿，小便不多，面色萎黄，口渴恶寒，上焦满闷，脉沉。,上为散。每次12g，水煎，去滓。,温服,,n,15.0,,,
宋,丸,内,2122.0,天麻丸,《太平圣惠方》卷二十二,天麻30g  踯躅花30g  独活30g　麻黄60g(去根节)  附子30g(炮裂，去皮、脐)　白附子30g(炮裂)  晚蚕蛾30g  乌梢蛇肉60g(jiu浸，炙令黄)  防风30g(去芦头)  道人头30g　白蒺藜30g(微炒、去刺)  麝香15g(细研)  桂心30g  当归30g  川乌头30g(炮裂，去皮、脐),30g,祛风散寒，通络止痛。,祛风解表(风寒湿),刺风。皮肤如针刺，或顽痹不仁。,上为细末，入麝香研匀，炼蜜为丸，如梧桐子大。,每次20丸，以温酒送服，不拘时候。,去芦头,y,15.0,,,
宋,散,内,3411.0,牛黄散,《大平圣惠方》卷七十八,牛黄15g(研入)  白薇15g  人参60g(去芦头)  麦冬60g(去心，焙)  茯神  远志(去心)  熟地黄  朱砂(细研，水飞过)  天竺黄(细研)  防风(去芦头)  独活  甘草(炙微赤，锉)  龙齿(细研)各30g  冰片30g(细研) 麝香7．5g(细研),30g,养心化痰，散风清热，安神开窍。,祛风解表(风邪),产后心虚，外感风邪，内有痰热，致患惊悸，志意不安，精神昏乱。,上为细散，再入研药令匀。,每次6g，以薄荷酒调服，不拘时候。,去芦头,y,15.0,,,
近代,散,内、外,3887.0,丹平散,《痧证汇要》卷一)  又名霹雳散(《医学集成》卷二)  雷击散《治疗汇要》卷下,牙皂9g  广藿香  白芷　广皮  贯仲  薄荷  生人中黄  木香  橘梗  半夏各6g　明雄黄  明朱砂各7．5g  防风3g  细辛9g  枯矾4．5g,3g,辟秽散寒，通窍解毒。,祛风解表(风热),感受瘟气，霍乱吐泻，喉痛心慌，闭目不语，手足麻木，发冷转筋，牙关紧闭，脉气闭塞。,上为末。,先用0．3g吹鼻；次用3g，白开水冲服。,,y,15.0,,,
明,煮散,内,5074.0,生南星汤,《普济方》卷二八六,生南星30g  知母  贝母(去心，炒)  生地黄  阿胶(炒)  川芎  桑白皮(炒)  甘草(炙)各90g  防风  射干  桔梗  天冬(去心)　脑荷  杏仁(不去皮)  半夏(制)各15g,15g,养阴清肺，疏风化痰，解毒排脓。,祛风解表(风热)2,肺阴不足，外感风热，痰浊内阻，致患肺痈，咳吐脓血，腥气上冲，胸中隐痛者。,上锉散。每次12g，加生姜7片，乌梅1个，紫苏叶及白芷、白芨各15st水煎，去滓。,食后服,,y,15.0,,,
金,煮散,内,7202.0,当归拈痛汤,《医学启源》卷下又名拈痛汤(《兰室秘藏》卷中,羌活15g  防风9g  升麻3g  葛根6g  白术3g  苍术9g  当归身9g  人参6g  甘草15g  苦参(jiu浸)6g  黄芩3g(炒)  知母9g(酒洗)　茵陈15g(jiu炒)  猪苓9g  泽泻9g,9g,清热祛湿，疏风和血。,祛风解表(风热),湿热为病，肢节烦痛，肩背沉重，胸膈不利，下注于胫，肿痛不可忍。,上锉，如麻豆大。每次30g，用水375m1，先以水拌湿，候少时，煎至150m1，去滓。,温服。待少时，美膳压之。,,y,15.0,,,
宋,煮散,内,898.0,人参荆芥散,《太平惠民和剂局方》卷九,荆芥穗  羚羊角(镑)  酸枣仁(微炒)  生地黄  枳壳(麸炒，去瓤)  人参  鳖甲(醋炙，去裙，炙黄)  肉桂  白术  柴胡各22．5g  甘草(锉，煎)  川芎  赤芍药  牡丹皮  当归  防风各150g,150g,益气养血，滋阴助阳，疏风清热。,祛风解表,妇人气血阴阳俱虚，外感风邪，身体疼痛，头昏目涩，心怔烦倦，寒热盗汗，颊赤口干，痰嗽胸满，精神不爽；或月水不调，脐腹疼痛；或时呕逆，饮食不进。,上为粗末。每次9g，用水225ml，加生姜3片，煎至180ml，去滓。,热服，一日二次，不拘时候。,,y,16.0,,,
唐,汤,内,1277.0,大豆汤,《备急千金要方》卷二十一,大豆  杏仁各15g  清酒30m1  麻黄  防风  木防己，猪苓各12g  泽泻  黄芪  乌头各9g  生姜218  半夏18g  茯苓  白术各15g　甘遂  甘草各6g    ,12g,疏风宣肺，逐水消肿。,祛风解表(风邪),风水，周身大肿，眼合不得开，短气欲绝。关节疼痛，恶风自汗，脉浮者。,以水1．4L煮豆，取1L，去豆；纳药及酒合煮，取700m1，去滓。,分七服，日四次，夜三次。得小便快利为度，肿消停药，不必尽剂。,,y,16.0,,,
金,散,内,2148.0,天麻散,《宣明论方》卷三,川芎  细辛  苦参  地骨皮  菖蒲  何首乌  蔓荆子  薄荷叶  杜蒺藜  牛蒡子　荆芥穗  蚵蚾草  威灵仙  防风各15g  天麻30g  甘草60g(炙),15g,疏风止痛,祛风解表,风热上扰，头顶痛，头面肿拘急，身体燥热。,上为细末,每次6～9g，用蜜水或茶、酒凋服，不拘时候。,,y,16.0,,,
宋,丸,内,2213.0,天南星丸,《圣济总录》卷七,天南星(腊月牛胆匮者)22．5g  白芷45g  麻黄(去根节)30g  防风45g  羌活  独活  川芎  天麻  白芍药  桔梗(锉，炒)  细辛  白僵蚕(炒)各15g  甘草(炙)11g  干姜(炮)7．5g  冰片(研)3g  麝香(研)7．5g,45g,祛风散寒，化湿通络。,祛风解表(风寒湿),风寒湿邪外侵，手足麻痹胛曳，或即肿痒疼痛。,上为细末，炼蜜为丸，如杏核大，丹砂为衣。,每次1丸，细嚼，以薄荷温酒送服，不拘时候；伤寒头目昏痛，肢节疼者，薄荷茶送服,,y,16.0,,,
清,汤,内,3049.0,止渴润燥汤,《证治宝鉴》卷四,花椒0．3g  防风3g  荆芥3g  甘草梢1．5g  红花0．75g  桃仁  麻仁  杏仁各3g  升麻4．5g  柴胡2．1g  当归3g  熟地6g  知母  黄柏  石膏各3g  细辛0．3g,3g,疏风清热，滋阴润燥,祛风解表,肺胃蕴热，大肠燥结，以致消渴，喜饮温水，大便秘结，阴缩，口舌干燥，眼燥难开，黑处如见浮云。,水煎，去滓,分二次温服,,y,16.0,,,
明,汤,内,6208.0,加减甘桔汤,《外科十三方考》,桔梗  玄参  白芷  防风  赤芍  川芎  前胡  独活  连翘  荆芥  甘草各1．5g  牵牛  山豆根  黄芩  射干  生地各15g,1.5g,疏风清肺．泻火利咽。,祛风解表,喉风。喉咙肿痛，痛不可忍，水米不能下咽，危在顷刻者,竹叶7片为引，水煎，去滓。,食后服,,y,16.0,,,
明,汤,内,8744.0,芩连消毒饮,《证治准绳·疡医》卷五,防风  荆芥  连翘  柴胡  黄芩  川芎  羌活  桔梗  蓝叶  射干  白芷  牛蒡子  黄连  甘草  青木香  金银花,wbz,疏风散邪，清热解毒。,祛风解表(风热),时毒。发热恶寒，头项肿痛，脉洪而数。,加薄荷少许，水煎，去滓。,温服,,n,16.0,,,
宋,丸,内,9675.0,应痛丸,《圣济总录》卷十二,附子(炮裂，去皮、脐)  天麻  虎骨(酥炙)  天南星(炮)  狗脊(去毛)  白茯苓(去黑皮)  阿胶(炙燥)  狼毒(醋炙，锉，炒)  白僵蚕(直者，微炒)  海桐皮(锉)  牡蛎(熬)  天雄(炮裂，去皮、脐)  防风  吴茱萸(汤洗焙干，炒)  羌活  独活各30g,30g,祛风散寒，通络止痛,祛风解表(风寒),外伤风冷，身体疼痛。,上为细末，炼蜜为丸，如弹子大。,每次1丸，空腹温酒化下。,,y,16.0,,,
明·郑泽,散,内,11145.0,金玉散,《墨宝斋集验方》卷上,人参  白术  茯苓  干葛  紫苏  半夏  荆芥穗  桔梗  杏仁(去皮、尖)  麻黄(去节)   防风  陈皮  甘草  桑白皮  枳壳  前胡各等分,等分,益气补虚，宣肺止咳,祛风解表(风寒)2,肺气不足，外感风寒，咳嗽喘急。,上为散。每次15g，加生姜3片，乌梅l枚，好醋和匀，浸一宿，挤去醋，文火炒干，以前醋拌炒，醋尽为度，待干，研极细末听用。,每次3～6g，照后汤调服：心嗽，面赤流汗，用干姜汤调服；肝嗽，眼中泪出，用乌粟米汤调服；肺嗽，气壅止喘，用桑白皮汤调服；脾嗽，不思饮食，胆嗽，令人不卧，暮嗽，涕唾稠粘，均用生姜汤调服；冷嗽，用葱白汤调服；热嗽，目胀闷，蜜水调服；气嗽，胸腹胀满，用青皮汤调服；伤风流涕，用防风、荆芥汤调服；痰结成块，用五味子汤调服；劳嗽，四肢羸弱，用秦艽汤调服；血嗽，连声不止，用当归汤调服；产后嗽背痛，加黄蜡泡汤调服。,,n,16.0,,,
宋,汤,内,11653.0,参麦汤,《陈素庵妇科补解》卷五,麻黄根  牡蛎  浮小麦  黄芪  人参 麦冬  川芎  赤芍  生地  当归  甘草  陈皮　香附  防风  丹皮  葱白 ,wbz,补阴敛阳，益气固表。,祛风解表(虚感),产后去血太多，卫气亦虚，汗出久而不止者。,水煎，去滓,温服,,n,16.0,,,
清,汤,内,1708.0,千金内托散,《喉科紫珍集》卷上,党参  银花各4．5g  甘草1．5g  当归  连翘(去心)  赤芍  花粉  瓜蒌仁  桔梗  白术各3g  陈皮  防风  川芎  青皮  厚朴  荆芥各2．1g  黄芪4．5g,2.1g,清热消肿，扶正托毒。,祛风解表,乳蛾，喉痈，舌痈。,上为散，加灯心3g，水300m1，煎至210m1，去滓,徐徐咽下,,y,17.0,,,
明,丸,内,1710.0,千金化痰丸,《万病回春》卷二,胆星120g  半夏(姜、矾同煮半日)120g  陈皮(去白)60g  白茯苓(去皮)60g  枳实(去瓤，麸炒)30g  海石(火煅)30g  天花粉60g　黄芩(jiu炒)60g  黄柏(jiu炒)30g  知母(jiu炒)30g  当归(酒洗)30g  天麻(火煅)60g  白术(米泔浸，炒)60g  大黄(酒拌蒸九次)150g  甘草(生)9g  防风(去芦)60g  白附子(煨)60g,60g,清火化痰,祛风解表(风热),痰火上攻，头晕目眩。,上为细末，神曲60g打糊为丸，如梧桐子大。,每次60～70丸，茶送服。,去芦,y,17.0,,,
金,煮散,内,8132.0,防风通圣散,《宣明论方》卷三)  又名通圣散(《伤寒标本》卷下,防风  川芎  当归  芍药  大黄  薄荷叶  麻黄  连翘  芒硝各15g  石膏  黄芩  桔梗各30g  滑石90g  甘草60g  荆芥  白术  栀子各7．5g,15g,疏风清热，泻火通便。,祛风解表,风热壅盛，表里三焦俱实之证。身热烦躁，头痛昏眩，口苦而渴，咽喉不利，胸膈痞闷，腹部胀痛，谵妄惊狂，手足瘈疭，大便秘结，小便短赤；以及小儿诸疳积热，丹斑瘾疹，风肿火眼，舌苔黄腻，脉洪数或弦滑。,上为粗末。每次6g，用水300m1，加生姜3片，煎至180m1，去滓。,温服,,y,17.0,,,
元,汤,内,6719.0,芍药清肝散,《原机启微》卷下,白术  川芎  防风各0.9g  甘草(炙)  荆芥各o．75g  桔梗  羌活各0．9g  芍药0．75g  柴胡0．6g  前胡  薄荷  黄芩各0．75g　山栀  知母各o．6g  滑石  石膏各0．9g  大黄1．2g  芒硝0．9g,0.9g,疏风清热，泻火明目。,祛风解表,风热上扰，肝胃火盛，眵多眊臊，紧涩羞明，赤脉贯睛，大便秘结。,上哎咀，都作一服。用水400m1，煎至200ml，去滓。,食后热服,,y,18.0,,,
清,茶,内,4913.0,仙传午时茶,《经验奇方》卷上,茯苓片240g  柴胡180g  泽泻片　枳壳  苏叶  防风  扁豆  赤小豆各150g  忍冬藤  枯黄芩  鲜竹茹  花粉各120g  藿香  生甘草  香薷  麦冬各90g  双勾藤210只  鲜荷叶30片(切碎)  陈茶叶3kg,150g,疏风祛暑，化湿和中。,祛风解表(风湿),伤风头痛，冒暑发痧，吐泻。,先将荷叶放入大铁锅内，加水煎汁去滓；再将茯苓等十九味一并下锅，煎至汁水较浓，滤汁储缸；再加水煎至第三次，滤汁去渣，连同前汁，并入锅内再煎至约汁小半锅为度；再加茶叶放入，随放随拌，将汁掺干，取起摊晒极燥，用纸袋分装，每袋6g，装好封口，储白铁筒内，勿令泄气受蒸。,每次l袋，清水煎服。暖睡出汗。重则二剂同煎，小儿减半。,,y,19.0,,,
宋,丸,内,6436.0,地仙丸,《圣济总录》卷一八六,萆薢  防风  白蒺藜(炒)  狗脊(去毛)  乌药(锉)  附子(炮裂，去皮、脐)  禹白附(炮)  赤小豆  地龙  骨碎补(炒)  馕？香子(炒) 羌活  天南星(炮)  黄芪(锉，炒)各15g  肉苁蓉(jiu浸，切，焙)  牛膝(jiu浸，切，焙)  何首乌  花椒(去合口及目，炒出汗)  覆盆子各30g  马钱子(去壳)0．9g,15g,补肾壮阳，祛风除湿。,祛风解表(风湿),肾阳不足，风湿外侵，脚手疼痛。,上药为末，酒煮面糊为丸，如梧桐子大。,每次20丸，空心、食前用盐汤或茶、酒送服。,,y,20.0,,,
明,汤,内,8742.0,芩连败毒散,《证治准绳·疡医》卷五,防风  荆芥  黄连  黄芩  连翘  羌活  独活  柴胡  前胡  川芎  桔梗  蓝叶  玄参  牛蒡子  升麻  赤芍药  金银花  白芷  甘草　干葛  青木香,wbz,疏风散热，解毒消肿。,祛风解表(风热),时毒肿痛，发热，咽喉不利，左脉浮数。,加生姜、薄荷，水煎，去滓。,温服,,n,21.0,,,
现代,丸,内,1868.0,小儿金丹,《全国中药成药处方集》天津方,川贝母  陈皮各12g  羌活  生地 木通  大青叶  荆芥穗  桔梗  前胡  山川柳  赤芍  制南星  玄参(去芦)各9g  薄荷6g  钩藤  制半夏  枳壳(麸炒)各9g  葛根  天麻  防风  甘草  炒牛蒡子各6g,6g,疏风化痰，清热镇惊，止嗽透疹。,祛风解表；止痉；止痒,小儿伤风感冒，发烧头痛，鼻流清涕，咳嗽气促，咽腮肿痛，惊悸心烦，疹出迟缓。,上为细末，每190g中兑入羚羊粉、犀角粉各1．5g，朱砂面24g，冰片3g，和匀，炼蜜为丸，每丸重1．5g，用蜡壳封固。,周岁以上每次1丸，周岁以下酌减，白开水化服。,,y,22.0,,,
明,丸,内,5304.0,白龙丸,《医方类聚》卷二十四引《施圆端效方》,白附子  明天麻  藁本  缩砂仁  荆芥穗  川羌活  细辛  川独活  薄荷叶  藿香叶　麻黄(去根、节)  甘松30g  葛根  防风  白芷  川芎  桔梗  香附子(炒)  甘草(炒)  川乌(生，去皮)  石膏各60g  寒水石(烧)750g,60g,祛风清热,祛风解表,卒暴中风，口眼歪斜，神昏涎堵，筋脉拘急，肢体顽痹，头目旋运，呕逆恶心，皮肤瘙痒，偏正头疼，暗风倒仆；男子肾风，妇人血风，伤风咳嗽，声重，鼻渊。,上为细末，鹅梨汁为丸，每30g作10丸，别用水石粉为衣，阴干。难衣，用绿豆粉飞过，与水石粉同匀衣之。,每次1丸，食后细嚼，用茶或酒送服，一日二次。嗽，含化。伤风，葱白酒送服；小儿，薄荷酒送服。,,y,22.0,,,
元末,丸,内,11356.0,夜光柳红丸,《银海精微》卷上,人参  川芎  荆芥  白芷  川乌(火煨)  南星  石膏各60g  石决明  草乌(炮，少用)  藁本  雄黄  细辛  当归  蒲黄  苍术(浸炒)  防风　薄荷  藿香  全蝎各60g  何首乌30g  羌活90g  甘松60g,60g,疏风活血,祛风解表,风邪伤胞睑，致风牵出睑不收。,上为末，炼蜜为丸，如梧桐子大。,每次30丸，用茶清送服。,,y,22.0,,,
现代,茶,内,1600.0,万应午时茶,《中国医学大辞典》,川厚朴(制)  砂仁  桔梗  羌活  干葛  香薷  茵陈  白芍药  枳壳  黄芩(jiu炒)  木瓜  防风  陈皮  苏叶  白芷  大腹皮  青蒿  茯苓各30g  麦芽(炒焦)  滑石(飞)各60g  薄荷　甘草  川黄连(jiu炒)各15g  陈红茶240g,30g,辟暑止渴，开胃进食。,祛风解表(风湿),外感风寒暑湿，内伤饮食，霍乱吐泻，胸膈膨胀，头疼骨痛，腹痛便泻，或酒食伤脾，倦怠恶食，及一切山岚瘴气，时疫传染，疟疾，痢疾，不服水土。,上药晒干，研为末，用面糊制为块。,每次1～2块，清水煎，温服。,,y,24.0,,,
清•孙玘,丸,内,1621.0,寸金丹,《痧症汇要》卷一,香附子  羌活  山楂肉  川芎  陈皮  前胡  干葛  紫苏叶  赤茯苓  木香  薄荷　砂仁  苍术  赤芍  乌药  防风  藿香  白芷  厚朴各90g  生甘草45g  生蔻仁60g  枳壳  草蔻各30g  神曲150g,90g,解表化湿，消滞和中,祛风解表(风湿),赤白痢疾，霍乱吐泻，胸腹闷痛。,"上为细末，为丸如梧桐子大，辰砂30g
研末为衣。",每次9g，用藿香汤送服。,,y,24.0,,,
清•恬素辑,茶,内,2092.0,天中茶,《集验良方拔萃》卷二,厚朴15g  (jiang汁炒)  广陈皮15g  山楂15g  羌活15g  小青皮  干葛  防风  乌药  川乌  枳壳  白芷  茱萸  石菖蒲  甘草    广木香(勿见火，另研末)  砂仁各15g(另研末)  制香附  广藿香  苍术(米泔水浸洗，切片) 莪术  槟榔  茯苓各15g  麦芽  神曲  紫苏各30g  木通24g,15g,疏风解表，理气和中，消食导滞。,祛风解表(风湿),一切感冒，伏暑停食，胸膈不宽，气逆呕痰，疟疾，痢疾,上除木香、砂仁外，余为粗末，五月初四日夜，每料用白酒500mi，浸药于瓷缸内；端午日用六安茶或红茶叶，每料1．25kg，入药内拌匀，待至午时，每料加雄黄末log，同温烧酒250ml，搅匀拌茶内，于午时炒干，临上坛时，再将木香、砂仁末拌和，候凉透，扎好坛口，勿令泄气。每次9g，用水500ml，煎至250ml，去滓，红痢加白蜜糖15g，白痢加赤糖30g。    ,温服,,y,26.0,,,
现代,丸,内,11388.0,泄泻丸,《医学碎金录》,"苍白术各60g  赤白苓各120g  煨草果60g  神曲150g  甘草90g  川朴180g  广皮180g  木瓜90g  桔梗45g  苏叶210g  半夏135g  防风90g  香薷60g  朱砂120g  炒乌药90g　茶叶60g  大腹皮90g  羌活135g  藿香210g  煨
木香90g  紫豆蔻60g  白芷150g  薄荷90g  炒砂仁90g  檀香30g  香附60g",90g,解表散寒，健脾化湿。,祛风解表(风寒),饮食不慎，或感受寒冷，以致腹痛泄泻，对单纯性急性腹泻由感冒引发者最宜。,上为末，为丸如梧桐子大，朱砂为衣。,病重每次9g，病轻每次6g，小儿病重6g，病轻3g，开水送服。,,y,26.0,,,
现代,丸,内,8203.0,观音救苦丹,《全国中药成药处方集》吉林方,茯苓  木瓜  麦冬  生地  当归各60g  藿香  菖蒲  苍术  半夏  腹皮  白矾  陈皮  防风  黄芩  杏仁各30g  山栀  柴胡  木通  香附  桔梗  泽泻  远志各25g  砂仁  川芎　油朴  羌活  独活  青黛  川连  雄黄  甘草  黄柏  神曲  枳壳  广木香  青木香  嫩苏梗  广郁金各15g,30g,解表和中，化湿解毒。,祛风解表(风湿),四时感冒，伤食感冒，头痛体痛，发热畏冷，呕吐泄泻；山岚瘴气，霉浊秽气，卒然中人，四肢清冷，呕吐搅闹，神昏吐沫；湿浊中阻，头痛身重，大便溏泄，不欲饮水。,上为细末，炼蜜为丸，4．2g重或18重，均朱砂为衣，瓷坛存贮。,每次4．2g重1丸，或1g重4丸，鲜姜汤送服。服后取汗。,,y,38.0,,,
清,膏,外,10924.0,明眸膏,《理瀹骈文》,苍术  柴胡  龙胆草  苦参  玄参　生地  赤芍  归尾  川芎  荆芥  防风  麻黄  白芷  细辛  薄荷  大黄  芒硝  黄连  黄芩  黄柏  黑山栀  茺蔚子  五倍子  决明子  蓖麻子  羌活  连翘  蓉叶  陈胆星  马钱子仁  杏仁  桃仁　蛇蜕  蝉蜕  木贼草  山甲片  菖蒲  红花  乳香 没药各30g  羚羊角24g  犀角片6g  丁香3g,30g,祛风清热，泻火明目。,祛风解表,风热眼疾,先用槐、柳、桃、桑枝、枸杞根、竹叶、菊叶各2508，生姜30g，麻油熬，去滓入药，再熬成膏，黄丹收。石膏、黄蜡、松香各120g，羊胆2个，搅匀，掺冰片。,贴太阳穴,,y,43.0,,,
明,膏,外,5793.0,玄玄膏,《疡科选粹》卷八,"马钱子  两头尖  石菖蒲  五灵脂　骨碎补  穿山甲  淮生地  金钗草  白芷梢  赤芍药  金银花  真五加皮  吴茱萸  牡丹皮  威灵仙　刘寄奴  猪牙皂荚  甘松  山柰  紫苏  蛇床子　良姜  艾叶  厚朴  三棱  降香  苍术  羌活　红花  苏木  桃仁  当归尾  防风  麻黄  草乌　乌药  甘草  牛膝  藁本  汉防己  枳壳  白蔹
荆芥  续断  巴豆  猪苓  泽泻  花椒  花椒  干　姜  南星  半夏  槟榔  姜黄  干漆  香附  藿香　前胡  蓬术  茵陈  巴戟  石斛  常山  独活　风藤  黄连  山栀  连翘  黄柏各30g(上锉碎，用真正麻油7．5kg浸，春五、秋七、夏三、冬十日，槐柳枝文武火熬成药枯黑色，油滴水成珠为度，住火滤去滓听用)  蒜头2．5kg  葱2．5kg  千里光草5kg(上打碎取汁，滓加水煎汁，慢火熬膏听用)  生姜2．5kg  广木香  大川乌  北细辛  大茴香  小茴香  自然铜  面蒲黄  小茨菇  明天麻  官桂  僵蚕  玄胡  大黄  乳香  没药  全蝎  牙皂  雄黄各90g(上为极细末，听用)  嫩白上好松香30kg(用醋煮过，为末筛过)  好窑煤25kg(听用)",30g,祛风散寒，行气活血，消肿止痛。,透疹；止痉；祛风解表,诸般风气寒热，手足拘挛，骨节酸痛，麻木不仁，走气刺痛，腰痛胁痛，结核转筋，痰核血瘕痞积，肚腹疼痛，九种心痛，小肠气，牙痛，跌打挫闪损伤，痈疽，发背，痔漏，疔疮，瘰疬，便毒，无名肿毒，顽癣，湿毒臁疮，杨梅结毒，毒蛇、风犬所伤。,先用松香下净锅内溶化后，下蒜头、葱头汁，次下药油候冷定，下细药末，入水缸中，令人抽扯色如黑漆为度，收贮大缸内，以井水浸一月可用。每药片150g，用生油500g，熬热滤过净油300g。每熟油500g，下松香530g，细药150g，煤30g为则。,痈疽、发背、痔漏、疔疮、瘰疬、便毒、无名肿毒、顽癣、湿毒臁疮、杨梅结毒，初起未破者，俱贴患处；如破久者，用花椒、葱白、甘草煎汤，洗去恶肉贴之，日洗三、四次，换膏一次。凡贴膏先用生姜煨热，切开擦患处，将膏火边离远烘揉贴之，贴后以火烘手熨三百度为止。觉皮肤发痒，即揭去膏药，久则要起红垒。,,y,93.0,,,
元,汤,内,14040.0,神术汤,《阴证略例》又名神术散《医方类聚》卷六十二引《经验秘方》),苍术(制)60g  防风60g  甘草(炒)30g,60g,发汗解表，温中化浊。,祛风解表(风寒),内伤饮冷，外感寒邪，无汗者。,上畋咀。加葱白10cm，生姜3片，水煎，去滓。,温服,,y,3.0,,,
金,煮散,内,13089.0,选奇汤,《兰室秘藏》卷上,炙甘草(夏日生用)  羌活  防风各9g  酒黄芩3g(冬月不用),9g,祛风清热，缓急止痛。,祛风解表(风热),眉棱痛不可忍,上为粗末。每次15g，用水300m1，煎至150m1，去滓。,食后服,,y,4.0,,,
宋,煮散,内,13961.0,祛风散,《扁鹊心书·神方》,天南星60g(炮)  生姜30g(同南星制)  防风60g  甘草30g,60g,祛风散寒，止痛解痉。,止痉(破伤风)；祛风解表(风寒),风寒头痛，遍身拘急；破伤风，洗头风，牙槽风，肩背痉直，口噤,上为末。每次12g，加生姜7片，水煎，去滓。,温服取汗，无汗再服。,,y,4.0,,,
清,汤,内,16772.0,黄芩羌活汤,《会约医镜》卷六,防风  羌活各4．5g  黄芩  甘草各3．6g,4.5g,祛风清热,祛风解表(风热),眉棱骨痛，由外挟风寒，内有郁热而成者。,水煎，去滓。,温服,,y,4.0,,,
明,汤,内,17475.0,清热汤 ,《杏苑生春》卷五,防风15g  羌活18g  黄芩9g  甘草2．1g,15g,疏风清热。,祛风解表(风热),风热上攻，眉棱骨痛。,上收咀。水煎，去滓。,食后温服。,,y,4.0,,,
宋,丸,内,18238.0,煮浮丸 ,《类编朱氏集验医方》卷五, 南星(生)  半夏(生)  防风  天麻面(生)各等分,等分,祛风化痰。,祛风解表(风邪),风痰上壅，头晕目眩，胸闷呕恶。,上为末，滴水为丸，如梧桐子大。,每次40～50丸，先煮汤令沸，后下药丸，药浮即漉出，用生姜汤吞下，不拘时候。,,n,4.0,,,
清,散,内,18377.0,紫正散,《重楼玉钥》卷上,紫荆皮6g  荆芥穗2．4g  北防风2.4g  北细辛1．2g,2.4g,疏风散热，消肿解毒。,祛风解表,喉风初起，恶寒发热，头痛，大便秘结，小便赤涩。,上为细末。,每次3g，开水送服。,,y,4.0,,,
宋,散,内,19545.0,鼠粘子汤 ,《类证活人书》卷二十一, 牛蒡子120g(炒香)  炙甘草30g  防风15g  荆芥穗60g,15g,祛风散寒，透疹利咽。,透疹；祛风解表,麻疹既出，为风寒所遏，毒气内攻而又没者。,上为末。,每次6g，饭后、临卧时用沸汤调服。一日三次。,,y,4.0,,,
明,煮散,内,12169.0,荆防泻白散,《症因脉治》卷二,荆芥  防风  桑白皮  地骨皮  甘草,wbz,清宣肺热,祛风解表(风热),风热入肺，咳嗽痰喘，脉浮数者。,上为散。每次10g，水煎，去滓。,温服,,n,5.0,,,
宋,煮散,外,12211.0,荜茇散,《圣济总录》卷一二O,荜茇  苦参  防风  升麻各30g  藁本7．5g,30g,祛风止痛,祛风解表(牙痛),牙齿疼痛，不任寒热，嚼物隐痛。,上为散。每用9g，水150m1，煎至90m1，去滓。,漱口，热漱冷吐。,,y,5.0,,,
明,煮散,内,13434.0,独活防风汤,《赤水玄珠》卷二十二,桂枝  独活  防风各30g  芍药90g  甘草15g,wbz,疏风散寒，调和营卫,祛风解表(风寒),外感风寒，营卫不和，而成柔痉。,每次30g，水煎，去滓。,分二次温服,,n,5.0,,,
明,汤,内,14294.0,神效麦面汤,《景岳全书》卷五十九,麦面(炒黄色)3g  防风  白术(炒)　牡蛎(煅，醋淬)  黄芪(蜜炙)4．5g,4.5g,补气固表，收涩止汗,祛风解表(虚感)　汗,心虚盗汗,"加大枣2枚，用水300ml，煎至240m1，
去滓。",温服,,y,5.0,,,
明,煮散,内,16133.0,通气汤,"《丹溪心法附余》卷十引《应
    验方》",牵牛(头末)30g(半生半熟)  牛蒡子7．5g  防风5g  枳壳7g(炒)  生甘草7g,5g,疏风散热，逐痰消肿。,祛风解表(风热),喉痹疼痛，闭塞不通气，水浆不下，痰涎壅盛。,上为细末,每次9g，沸汤点服,,y,5.0,,,
宋,散,内,16488.0,菊花散,《圣济总录》卷六十四,菊花30g  白附子(炮)21g  防风15g  炙甘草7．5g  枳壳(去瓤，麸炒)21g,15g,祛风化痰，清利头目。,祛风解表(风热),风痰气厥，头疼昏眩,风痰气厥，头疼昏眩,每次6g，用腊茶清调服，不拘时候。,,y,5.0,,,
宋,散,内,16509.0,菩萨散,《太平惠民和剂局方》卷七,荆芥穗45g  苍术(米泔浸去皮锉炒)  白蒺藜(炒)  防风(锉炒)各60g  甘草(炒)30g,60g,祛风除湿,祛风解表,风湿攻注，两眼昏暗，眵泪羞明，睑眦肿痒，或时赤痛，耳鸣头眩。,上为细末,每次3g，入盐少许，沸汤或酒调服，不拘时候。,锉炒,y,5.0,,,
宋,散,外,16630.0,黄矾散,《圣济总录》卷一一九,黄矾(烧，研)7．5g  麝香(研)3g  干蛤壳(烧灰，研)7．5g  防风  独活各30g,30g,祛风除湿，敛疮生肌。,祛风解表(牙痛),疳？（匿下加两个虫），齿根宣露。,上药除别研者外，为散，再和匀。,以暖浆水漱口后，用药掺齿根上。有涎即吐出，一日二次。,,y,5.0,,,
清,汤,内,20013.0,漏风汤,《嵩崖尊生》卷八,黄芪18g  甘草3g  防风  麻黄根　桂枝各6g,6g,益气祛风，固表止汗,祛风解表(虚感)　汗,醉后当风，不论冬夏，额上常有汗出,水煎,温服,,y,5.0,,,
清,汤,内,12929.0,香苏饮,《医方简义》卷四,制香附  苏叶  防风各4．5g  杏仁泥9g  甘草  陈皮各1．5g,4.5g,芳香疏气，发汗消肿。,祛风解表(风邪),肿病初起，两目下如卧蚕状，身重微喘者。,水煎，去滓。,温服,,y,6.0,,,
宋,丸,内,13391.0,独活丸,《博济方》卷三,独活  川芎  甘菊各30g  干蝎(炒)7．5g  半夏(汤洗七遍，去滑，作饼子，炙)60g  防风30g,30g,祛风化痰,祛风解表(风邪头痛),风痰上扰，头目疼痛，昏眩不止。,上为末，以半夏末加生姜汁为丸，如豌豆子大。,每次7～10丸，用荆芥、薄荷汤送服。,,y,6.0,,,
明,汤,外,13580.0,洗眼方,《仁术便览》卷一,当归尾  黄连各3g  赤芍  防风各1．5g  杏仁4个  铜绿0．3g,1.5g,祛风清热，去翳明目。,祛风解表(风热),目暴赤，云翳瘀痛不可忍。,上药用水100ml，乳汁少许，入药泡，连碗入滚水内。顿热，去滓。,洗眼,,y,6.0,,,
明,汤,外,14386.0,退血散,《证治准绳·类方》卷七,当归  赤芍药  木贼  防风  细辛　龙胆草各等分,等分,活血祛风，泻火退赤。,祛风解表(风热),目赤，色似胭脂。,上？（左口右父）咀。水煎，去滓。,先乘热熏眼，后温眼。,,n,6.0,,,
明,汤,外,14546.0,秦艽散,《普济方》卷六十五,秦艽  大黄  防风  栀子  薄荷  连翘各等分,等分,疏风清热，消肿止痛。,祛风解表(风热牙痛),牙肿痛,水煎，去滓,漱口,,n,6.0,,,
现代,汤,内,15408.0,消风汤,《常见病验方选编》,川芎  荆芥  防风  羌活各9g  薄荷6g  细辛3g,9g,祛风止痛,祛风解表,三叉神经痛,水煎，去滓,温服,,y,6.0,,,
元末,煮散,内,15411.0,消风散,《银海精微》卷下,藿香  白芷  全蝎  甘草  防风  青风藤,wbz,祛风败毒,祛风解表(头痛),风毒上攻，头目拘急，鼻涩。,上为粗末。每次6g，水煎，去滓。,温服,,n,6.0,,,
现代,汤,内,15850.0,益气除风汤,《张皆春眼科证治》,黄芪12g  白术  当归  白药各9g　防风  僵蚕各6g,6g,补气祛风,祛风解表(虚感),气虚受风之上胞下垂。起病较急，忽然上胞下垂，痒如虫行，头痛目眩。,水煎，去滓,温服,,y,6.0,,,
宋,煮散,内,16559.0,黄芩汤,《圣济总录》卷一八二,黄芩(去黑心)  麻黄(去根、节)  秦艽(去苗、土)  升麻各7．5g  大黄(锉，炒)  防风各15g,15g,清热祛风，泻火凉血。,祛风解表(风热),小儿丹毒遍身。,上为粗末。每次3g，水140m1，煎至80m1，去滓，下朴消末1．5g。,分二次，空心温服，晚再服。,,y,6.0,,,
宋,煮散,内,17802.0,断汗汤,《魏氏家藏方》卷四,炙黄芪30g  防风  龙骨(煅)  麻黄(用根节)  白术(炒)  牡蛎粉各15g,15g,益气固表,祛风解表(虚感),自汗,上为粗末。每次9g，用水230m1，加生姜3片，大枣1枚，煎至160m1，去滓。,空腹时服,,y,6.0,,,
清,汤,内,18150.0,葛根白虎汤,《医级》卷七,葛根  石膏  知母  防风  甘草  粳米,wbz,解肌清热,祛风解表(风热),阳明病，自汗恶热，外犹恶风寒，而内已烦渴者。,水煎，去滓,温服,,n,6.0,,,
清,汤,内,19142.0,犀角消毒饮,《奇方类编》卷下,牛蒡子(炒)  荆芥  生甘草  黄芩　犀角(镑)各3g  防风1．8g,1.8g,疏风清热，凉血解毒。,祛风解表,瘟疫发热，腮项肿痛，舌上生苔。,灯心20根为引，用水500m1，煎至400m1，去滓。,温服,,y,6.0,,,
明,丸,内,20227.0,镇液丹,《古今医鉴》卷七,"防风30g  黄芪60g(蜜炙)  白术30g(炒)  中桂30g  芍药30g(jiu炒)  大附子60g
  (去皮、脐，童便浸炒)",30g,益气固表,祛风解表(虚感),自汗,上为末，酒糊为丸。,每次50丸，空心用温酒送服。,,y,6.0,,,
宋,丸,内,12182.0,南星丸,《普济方》卷四十六引《海上方》,天南星大者1个  全蝎1对  川芎60g  人参  藁本各15g  冰片6g  防风30g,30g,搜风化痰，通络止痛。,祛风解表(头痛),头风。,上为末，以蒸饼1个，水浸一宿，去皮搜和药末，为丸如鹅眼大。,每次3丸，食前用茶清送服。,,y,7.0,,,
明,汤,内,14108.0,神妙饮,《丹台玉案》卷三,生地  当归  细辛各4．5g  骨碎补　防风  赤芍  川芎  槐花各6g  升麻  知母各3g,6g,祛风清热，活血止痛。,祛风解表(风热牙痛),牙疼不可忍，牵引头面，发热肿痛者。,水煎，去滓,温服,,y,7.0,,,
宋,煮散,内,14450.0,除风荆芥汤,《圣济总录》卷十五,荆芥穗  川芎  防风  独活  炙甘草  麻黄(去根、节)各30g  人参60g,30g,祛风止痛,祛风解表,首风。头目昏眩，肢体疼痛，手足麻痹，上膈烦闷，或发寒热。,上为粗末。每次10g，用水150ml，加生姜3片，薄荷3叶，煎至105ml，去滓。,食后温服，临卧再服。,,y,7.0,,,
明,汤,内,14602.0,桂枝汤,《万病回春》卷二,桂枝  芍药  防风  羌活  川芎  白术  甘草,wbz,实表散邪,祛风解表(风寒),冬月正伤寒，足太阳膀胱经受邪，头痛，发热恶风，脊强自汗，脉浮缓。,上锉。加生姜3片，大枣1枚，水煎，去滓。,温服,,n,7.0,,,
宋,煮散,内,15024.0,柴胡饮,《圣济总录》卷四十三,柴胡60g  桑白皮(锉)  防风  芍药 玄参  黄芩(云黑心)  炙甘草各30g,30g,清心降火，敛汗除蒸。,祛风解表(风热),心热多汗，骨蒸盗汗，咳嗽，五心烦热。,上为粗末。每次15g，用水450m1，加生姜5片，煎至300m1，去滓。,日午、临卧分二次温服。,,y,7.0,,,
金,散,内,17441.0,清空膏,《兰室秘藏》卷中,川芎15g  柴胡21g  黄连(炒)  防风  羌活各30g  炙甘草45g  黄芩90g(去皮，锉，一半酒制，一半炒),30g,祛风清热,祛风解表(风热头痛),偏正头痛，年深不愈；风湿热上壅损目，脑痛不止。,上为细末，每次10g，于盏内入茶少许，汤调如膏。,临卧抹在口内，用白汤少许送服。,,y,7.0,,,
明,散,内,17463.0,清香散,《普济方》卷四十六,川芎  藁本各30g  防风  羌活各6g  细辛9g  香白芷30g  甘草15g,6g,疏风止痛,祛风解表(风热头痛、牙痛),偏正头风并牙疼,上为细末,每次6g，食后用茶清调服,,y,7.0,,,
明,煮散,内,17534.0,清凉饮子,《普济方》卷三八四引《仁存方》,大黄(炮)  连翘(生)  芍药(生)  当归(微炒)  防风(去芦)  甘草(炙)  山栀(取去仁)各等分,等分,清热导滞,祛风解表(风热),小儿由将养乖节，或犯寒暑，乳哺失时，乍伤饥饱，致令血气不调，脾胃不和，或致发热，欲变惊痛。,上哎咀。每次3g，用水100m1，煎至30ml，去滓。,温服，不拘时候。,去芦,n,7.0,,,
清,汤,内,17535.0,清凉饮子,《冯氏锦囊·杂症》卷四,人参  川芎  防风  当归尾  赤芍药  大黄(面裹，煨)  甘草,wbz,益气解表，清热利咽。,祛风解表(虚感),小儿血气壅盛，脏腑生热，烦赤多涕，五心烦热，咽喉闭塞，乳哺不时，寒温无度，潮热往来，睡卧不安，手足振掉，欲生风候。,上加灯心七茎，麦门冬(去心)7粒，水煎，去滓。,温服，不拘时候。,,n,7.0,,,
明,丸,内,17613.0,清咽太平丸,《万氏家抄方》卷二, 溥荷叶30g  川芎60g  桔梗90g 甘草60g  防风60g  柿霜60g  犀角60g(用人乳浸，焙干，为末),60g,清咽利膈。,祛风解表(风热),膈上有火，咽喉肿痛，流热涎；早间咯血，两颊常赤，咽喉不清。,上为细末，炼蜜为丸，如樱桃大。,含化，不拘时候。,,y,7.0,,,
宋,煮散,内,18141.0,葛根散,《太平圣惠方》卷十七,葛根30g(锉)  石膏60g  赤芍药30g  甘草7．5g(炙微赤，锉)  甘菊花30g  黄芩30g  防风15g(去芦头),15g,解肌清热，祛风除湿。,祛风解表(风热头痛),外感热病，头痛，骨节烦疼。,上为散。每次12g，用水200ml，加生姜4g，煎至120mi，去滓。,温服，不拘时候。,去芦头,y,7.0,,,
宋,煮散,内,18483.0,紫苏饮子 ,《杨氏家藏方》卷十九,紫苏叶  人参  防风  桑白皮(炙黄，锉细)  麦冬(去心)  紫菀(焙干)各15g  炙甘草7．5g,15g,宣肺清热，止咳平喘。,祛风解表(风热),小儿肺气不宣，内有蕴热，咳嗽痰盛，胸膈不利，上气喘急。,上哎咀。每次6g，用水120ml，加生姜7片，煎至60m1，去滓。,乳食后温服。,,y,7.0,,,
元,煮散,内,19587.0,解表散,《活幼心书》卷下,麻黄(不去根、节)  杏仁(汤泡，去皮、尖)  赤茯苓各30g  川芎  防风  枳壳(锉片，麦麸炒微黄)各60g  甘草(半生半炙)22．5g,60g,解表散寒，止咳平喘。,祛风解表(风寒),小儿伤风感冷，咳嗽痰喘，呕吐泻痢，惊悸有热，证在表里者。,上叹咀。每次6g，用水150ml，加生姜2片，葱1根，煎至105ml，去滓。,温服。,,y,7.0,,,
近代,汤,内,20432.0,薄杏汤,《镐京直指方》卷二,薄荷4．5g  荆芥6g  广郁金6g  杏仁9g  防风4．5g  桔梗3g  前胡4．5g,4.5g,疏风散热，祛痰止咳。,祛风解表,风热咳嗽，鼻塞声重，发热头痛，脉束浮数。,水煎，去滓。,温服,,y,7.0,,,
宋,散,内,20502.0,藁本散,《鸡峰普济方》卷五,防风  白芷  何首乌  麻黄  甘草　白芍药  旋覆花各30g,30g,疏风散寒,祛风解表(风寒),头目昏重，鼻塞清涕。,上为细末,每次6g，食后用茶清调服。,,y,7.0,,,
宋,煮散,内,12054.0,柳枝汤,《太平圣惠方》卷三十四,柳枝1握(切)  地骨皮  细辛  防风 杏仁(汤浸，去皮、尖、双仁)  蔓荆子各30g  盐15g  生地黄270g,30g,祛风止痛，益肾固齿。,祛风解表(牙痛),齿根出露，摇动疼痛。,上细锉和匀。每次30g，用水300ml，酒200ml，同煎至150ml，去滓。,热含就于患处良久，倦即吐之，含尽为度，一日二次。,,y,8.0,,,
宋,丸,内,12129.0,荆芥丸,《圣济总录》卷十八,荆芥穗120g  细辛  川芎  白僵蚕(炒)各30g  天麻459  羌活  防风  蒺藜子(炒，去角)各60g,60g,疏风止痛,祛风解表；止痉,风寒外侵，头痛目眩，肢体拘急，手足少力。,上为末，炼蜜为丸，如芡实大。,每次1丸，食后细嚼，荆芥茶或温酒送服。,,y,8.0,,,
金,散,外,12264.0,草豆蔻散,《兰室秘藏》卷中,细辛叶  防风各0.6g  羊胫骨灰　熟地黄各1．5g  当归1．8g  草豆蔻仁  黄连各4g 升麻7．5g,0.6g,散寒清热，止痛固齿。,祛风解表(牙痛),寒多热少，牙齿疼痛。,上为细末,先用温水漱口，用药擦牙痛处。,,y,8.0,,,
宋,散,内,12476.0,茶调散,《魏氏家藏方》卷一,川芎36g  炙甘草  香白芷  香附子  防风  细辛  砂仁各30g  薄荷叶60g,30g,疏风散寒，行气止痛。,祛风解表(风寒头痛),头风头痛,上为细末,每次3～6g，食后茶调服。,,y,8.0,,,
宋,煮散,内,13242.0,顺解散,《百一选方》卷七,苍术250g  藁本(水浸)  桔梗  甘草  防风  独活各120g  厚朴(姜制)  陈皮各60g,120g,祛风解表,祛风解表(风寒),伤寒初感，未分阴阳表里者。,上为细末。每次6g，加生姜7片，用水230m1，煎至180m1，去滓。,温服,,y,8.0,,,
宋,煮散,内,13397.0,独活汤,《圣济总录》卷十二,独活  羌活  防风  柴胡  白术  甘草(炙，锉)  麻黄(去根节，煎，掠去沫，焙干)各30g 甘菊花15g,30g,疏散风热，消肿止痛。,祛风解表(风热),风热上攻，头面生疮及肿痛。,上为粗末。每次3g，用水150m1，加荆芥5穗，同煎至105ml，去滓。,食后温服,,y,8.0,,,
元,煮散,内,13417.0,独活散,《御药院方》卷九,川芎  独活  羌活  防风各15g  华细辛6g  荆芥  薄荷  生地黄各9g,15g,疏风清热，活血止痛。,祛风解表,邪毒攻注阳明经，牙龈宣露肿痛，或偏正头痛。,上为粗末。每次9g，用水150ml，煎至120ml，去滓。,食后温服，一日三次。,,y,8.0,,,
明,汤,内,13436.0,独活细辛汤,《症因脉治》卷一,独活  细辛  川芎  秦艽  生地  羌活  防风  甘草,wbz,祛风胜湿，散寒止痛。,祛风解表(风寒头痛),风寒湿邪客于少阴经而致头痛。,水煎，去滓。,分二次温服,,n,8.0,,,
宋,散,内,13569.0,洗肝散,《太平惠民和剂局方》卷七吴直阁增诸家名方,当归  薄荷  羌活  防风  山栀子仁  炙甘草  大黄(煨)  川芎各60g,60g,疏风散热，清肝泻火。,祛风解表(风热),风热火毒上攻，眼目暴赤，肿痛难开，隐涩眵泪，昏暗羞明，或生翳膜，大便秘结，小便赤涩，脉弦实有力。,上药共为细末。,每次6g，食后凉开水或热汤调服。,,y,8.0,,,
明,膏,外,13979.0,祛痛膏,《寿世保元》卷六,防风  羌活  藁本  细辛  菊花各1.5g  南星  草乌  白芷各3g,1.5g,祛风止痛,祛风解表(头痛),半边头痛,上为细末，用连须葱l把洗净，同药捣膏，铜锅炖热，量痛处大小，将药摊于油纸上。,外贴痛处，周围以牛面糊封之，用干帕包定。,,y,8.0,,,
明,汤,内,13996.0,祛风抑火汤,《丹台玉案》卷三,防风  荆芥  薄荷  白芷各4．5g　升麻2．4g  黄芩  黄连各6g  甘草1．5g,4.5g,疏风泻火,祛风解表,齿缝肿胀作痛。,加葱2枚，水煎，去滓。,食后温服,,y,8.0,,,
明,汤,内,14007.0,祛风清上丸,《证治准绳·类方》卷四引《医学统旨》又名祛风清上汤《疡医大全》卷十,酒黄芩6g  白芷3g  羌活  防风  柴胡梢各3g  川芎3．6g  荆芥2．4g  甘草1．5g,3g,疏风清热,祛风解表,风热上攻，眉棱骨痛,用水400ml，煎至320ml，去滓。,食后温服,,y,8.0,,,
宋,丸,内,14711.0,栝楼丸,《杨氏家藏方》卷八,栝楼1枚(大者，去瓤)  天南星(炮)  半夏(汤洗七次)  细辛  防风  当归(洗，焙)　寒水石  白矾各15g,15g,疏风清热，化痰止咳。,祛风解表(风热),风热咳嗽，痰涎壅盛，头目不利,上药除栝楼外，余为末，入在栝楼内，用纸数幅紧裹，于饭上蒸二次后，却于新瓦上焙干，研为细末，醋糊为丸，如绿豆大。,每次20丸，食后用生姜蜜汤送服。,,y,8.0,,,
清,汤,内,14962.0,逐火丹,《石室秘录》卷六,大黄15g  当归120g  荆芥9g(炒黑)  生甘草15g  黄芩9g  防风9g  黄芪90g　茯苓90g,9g,泻火托毒,祛风解表,汤火伤，遍身溃烂。,水煎，去滓,温服,,y,8.0,,,
清,汤,内,15066.0,柴防二陈汤,《医级》卷七,柴胡  防风  桔梗  枳壳  陈皮  半夏　茯苓  甘草,wbz,疏风理气，化痰止咳。,祛风解表(风寒),外感风邪，发热恶寒，胸闷胁痛，咳嗽，咯吐白痰。,水煎．去滓。,温服,,n,8.0,,,
明,汤,内,15092.0,柴胡防归汤,《医学入门》卷四,当归9g  川芎4．5g  柴胡  人参各3g  半夏  陈皮  防风各2．4g  甘草1．5g,2.4g,疏风散寒，活血消积。,祛风解表(风寒)　产后虚,产后外感风寒，挟食积瘀血，发热恶寒，脉实者。,加生姜3片，大枣2个，水煎，去滓。,温服,,y,8.0,,,
清,汤,内,15296.0,射干汤,《古今医彻》卷三,射干3g  防风  荆芥  桔梗  薄荷各3g  牛蒡子4．5g(焙，研)  广陈皮2．4g  甘草0．9g,3g,疏风清热，宣肺利咽。,祛风解表,外感风热，邪闭肺经，致患喉痹。,加灯心1握，生姜1片，水煎，去滓。,温服,,y,8.0,,,
宋,丸,内,15406.0,消风丸,《丹溪心法附余》卷一引《太平惠民和剂局方》,天麻30g  防风60g  细辛15g  薄荷15g  川芎30g  炙甘草30g  吴白芷30g  朱砂30g(为衣),60g,祛风解毒,祛风解表(风邪)；止痒透疹,风邪上攻，头昏昏眩，项背拘急，鼻塞耳鸣；皮肤顽麻，瘙痒瘾疹，妇人血冈，头皮肿痒。,上为细末，炼蜜为丸，如弹子大，朱砂为衣。,每次l丸，细嚼，食后用生姜汤或茶清送服。,,y,8.0,,,
清,汤,内,15456.0,消毒饮,《不知医必要》卷一,羌活  防风  黄芩  白芷各4．5g 黄连  射干各3g  玄参4．5g  甘草3g,4.5g,疏风清热，解毒消肿。,祛风解表(风热),大头瘟时疫，憎寒壮热，头面颈项俱肿，目不能开，口干舌燥。,加生姜3片，水煎，去滓。,温服,,y,8.0,,,
元,煮散,内,16159.0,通关散,《御药院方》卷一,羌活  独活  防风  天麻  山栀子　大黄  甘草各30g  滑石60g,30g,祛风清热,祛风解表(风热)；止痉,风热上攻头目，筋脉拘急，痰涎壅滞，肢节烦疼。,上为粗末，每次9g，用水150m1，加生姜5片，煎至100m1，去滓。,食后温服,,y,8.0,,,
宋,煮散,内,16494.0,菊花散,《济生方》卷八,石膏  甘菊花  防风  旋覆花  枳壳  蔓荆子  炙甘草  川羌活各等分,等分,疏风清热,祛风解表(风热),风热上攻，头痛不止，口干烦热。,上哎咀。每次12g，用水230m1，加生姜5片，煎至160m1，去滓。,温服。不拘时候。,,n,8.0,,,
明,煮散,内,16706.0,黄耆汤,《玉机微义》卷四十九,黄芪6g  白术  防风  熟地黄  牡蛎(煅)  白茯苓  麦冬  甘草(炙)各1．5g,1.5g,补气固表，滋阴敛汗。,祛风解表(虚感),产后阴虚，汗出不止。,上哎咀。每次15g，加大枣3枚，水煎，去滓。    ,温服,,y,8.0,,,
清,汤,内,17572.0,清阳散火汤,《外科大成》卷二,牛蒡子  防风  荆芥  薄荷  黄芩　龙胆草  黄连  贝母,wbz,疏风清热，化痰散结。,祛风解表(风热),骨槽风,水煎，去滓,食远温服,,n,8.0,,,
宋,煮散,内,18137.0,葛根汤,《圣济总录》卷十六,葛根  木通(锉)  芍药  防风(去叉)各60g  甘菊花30g  麻黄(去根节，先煮，掠去沫，焙)37．5g  石膏(研碎)150g  前胡45g,60g,祛风清热,祛风解表(风热)　,风热上扰，头眩欲倒，眼旋屋转，脑痛。,上为粗末。每次15g，用水300ml，加生姜2片，大枣1枚(去核)，煎至200ml，去滓。,温服，不拘时候。,去叉,y,8.0,,,
清,汤,内,19184.0,疏邪利金汤,《顾松园医镜》卷七,防风  荆芥  前胡  杏仁  桔梗  甘草  苏子  陈皮,wbz,疏风散寒，化痰止咳。,祛风解表(风寒),外感风寒，恶风发热，鼻塞打嚏，鼻流清涕，痰嗽或头痛。,水煎，去滓,温服,,n,8.0,,,
清,散,内,12128.0,荆防散,《医略六书》卷三十,荆芥45g  防风45g  米仁150g(炒) 通草120g  川芎24g  茯苓90g  陈皮45g  香附45g(醋炒)  紫苏45g,45g,疏表利水,祛风解表,产后离褥太早，冒风致湿，遍体浮肿，脉浮涩者。,上为散,每次9g，生姜皮汤送服。,,y,9.0,,,
宋,煮散,内,12131.0,荆芥汤,《圣济总录》卷一O八,荆芥穗  防风  甘菊  旋复花  川芎  枳壳(去瓤，麸炒)  炙甘草各30g  石膏60g  黄芩(去黑心)15g,30g,疏风散火，清利头目,祛风解表,风热毒气，攻冲阳经，头痛目疼，连绕眉头。,上为粗末。每次3g，用水225m1，加生姜3．75g(切)，煎至160ml，去滓。,食后温服。一日二次。,,y,9.0,,,
明,汤,内,12147.0,荆芥散,《赤水玄珠》卷三,防风  荆芥  升麻  甘菊  木通  黄芩(炒)  羌活  甘草  蔓荆子,wbz,疏风清热,祛风解表(风热),风热上壅，耳闭塞或耳鸣及出脓。,水煎，去滓,温服,,n,9.0,,,
明,汤,内,12172.0,荆防解毒汤,《症因脉治》卷四,荆芥  防风  薄荷  连翘  枳壳  桔梗  木通  淡竹叶  甘草,wbz,疏风解表，清热利湿,祛风解表(风寒),湿热痢初起，头痛恶寒，身热，表未解，脉浮数者。,水煎，去滓,温服,,n,9.0,,,
宋,散,内,12411.0,茯神散,《太平圣惠方》卷二十二,茯神  甘菊花  蔓荆子  白蒺藜(微炒，去刺)  地骨皮各30g  石膏60g  防风  炙甘草  枳壳各22．5g,22.5g,清热祛风,祛风解表(风热),风热上扰，头风目眩。,上为细散,每次6g，以熟水调服，不拘时候。,,y,9.0,,,
清,汤,内,12722.0,省风汤,《医学集成》卷二,防风  胆星  半夏  陈皮  赤苓  黄芩  枳壳  甘草  生姜,wbz,疏风清热，化痰行气。,祛风解表(风热),中风有痰热者,水煎，去滓,温服。,,n,9.0,,,
宋,丸,内,13392.0,独活丸,《圣济总录》卷十一又名枳实丸(原书同卷),独活(去芦头)  天冬(去心，焙)　防风(去叉)  蒺藜子(炒，去角)  桔梗(去芦头，炒)各37．5g  薏苡仁(炒)  黄连(去须)各30g  桂(去粗皮)15g  枳实(去瓤，麸炒)45g,37.5g,疏风清热，止痒消肿,祛风解表(风热)；止痒,风热外袭，头面身体瘾疹瘙痒，或生？？肿起，时痒时痛。,上为细末，炼蜜为丸，如梧桐子大。,每次20丸，空心及临卧以菊花汤送服。,去叉,y,9.0,,,
宋,煮散,内,13416.0,独活散,《杨氏家藏方》卷二,川芎  独活  防风  藁本  旋覆花　蔓荆子  细辛(去叶、土)各30g  石膏(研)  炙甘草各15g,30g,祛风清热,祛风解表(风热),风热上扰，头目眩晕。,上为细末。每次6g，用水300m1，加生姜3片，煎至210ml，去滓。,食后热服,,y,9.0,,,
唐,膏,外,13441.0,独活解噤膏,《外台秘要》卷二十二引《删繁方》,独活  川芎各90g  天雄30g(炮)　防风30g  花椒54g  莽草10叶  细辛  桂心各30g  苦李根皮90g ,30g,祛风散寒,祛风解表(风寒),小肠腑寒，舌本缩，口噤唇青,上哎咀，绵裹，以苦酒600ml腌渍一宿，以猪肪1kg微火煎之，去滓膏成，凝。,以绵裹少许，口含于舌下压之，每日换三次。,,y,9.0,,,
明,其它,内,13511.0,急喉丹,《万氏家抄方》卷三,山豆根  僵蚕(炒)  蚤休各30g  连翘  玄参  防风  射干各21g  白芷15g  冰片1g,21g,疏风清热，解毒利咽。,祛风解表(风热),热毒蕴结，致患单蛾、双蛾、重舌。,上为极细末，糯米粉糊和成锭，铜绿6g为衣。,每次5g，水磨服。,,y,9.0,,,
清,汤,内,13997.0,祛风定痛汤,《傅青主女科》,川芎3g  当归9g  独活  防风  肉桂  荆芥各1.5g(炒黑)  茯苓3g  地黄6g  大枣2枚,1.5g,养血祛风，散寒止痛。,祛风解表,产后起居太早，产门感风作痛，衣被难近身体。,水煎，去滓。,温服,,y,9.0,,,
宋,煮散,内,14057.0,神白散,《伤寒广要》卷十一引《卫生家宝》,苍术(米泔浸一宿，焙干)45g  麻黄30g(去根、节)  甘草30g(炙)  防风30g  石膏30g(研)  干葛30g  川芎30g  香白芷15g  瓜蒌根15g,30g,解表清里,祛风解表(风热),四时伤寒在表，浑身壮热，恶风无汗，口苦舌干。,上为末。每次6g，用水150ml，加生姜3片，葱白10cm，煎至105ml。,热服。衣覆取汗。,,y,9.0,,,
元,散,内,14169.0,神清散,《卫生宝鉴》卷九,檀香  人参  羌活  防风各300g　薄荷  荆芥穗  甘草各600g  石膏(研)1．2kg  细辛150g,300g,疏风清热,祛风解表,风热上扰，头昏目眩，脑痛耳鸣，鼻塞声重。,上为末,每次6g，沸汤点服,,y,9.0,,,
清,汤,内,15104.0,柴胡破瘀汤 ,《证治宝鉴》卷十一,羌活  防风  中桂各3g  苏木4．5g  连翘  归尾  柴胡各6g  麝香少许(另研)  水蛭9g(炒烟尽，另研),3g,疏风散寒，行气祛瘀。,祛风解表(风寒),风寒入络，气滞瘀血，胸胁疼痛。,分二次服。每次用水150ml，酒30ml，煎，去滓，入水蛭、麝香。,温服,,y,9.0,,,
清,汤,内,15369.0,痄腮汤,《医学集成》卷二,连翘9g  牛蒡子  羌活  防风  柴胡各6g  荆芥  薄荷  甘草各3g  生姜3片,6g,疏风清热，消肿解毒。,祛风解表,痄腮,水煎，去滓,温服,,y,9.0,,,
清,汤,内,17145.0,银荷汤,《外科全生集》卷四,连翘  黄芩  防风  荆芥  射干各3g  银花4．5g  薄荷2．4g  黄连  甘草各1．5g,3g,清热解毒，疏风利咽。,祛风解表,缠喉风，并治一切喉症。,水煎，去滓,频频呷服,,y,9.0,,,
宋,煮散,内,17776.0,羚羊角散,《太平圣惠方》卷三十六,羚羊角屑30g  白术22．5g  防风22．5g  黄芪22．5g(锉)  玄参22．5g  泽泻22．5g 赤茯苓22．5g  赤芍药22．5g  炙甘草7．5g,22.5g,祛风清热，健脾益气。,祛风解表(风热),脾气不足，上焦风热壅滞，耳暴聋，头重。,上为散。每次12g，用水250ml，加生地黄30g，竹叶14片，同煎至150ml，去滓。,食后温服,,y,9.0,,,
宋,煮散,内,17777.0,羚羊角散,《大平圣惠方》卷三十六,羚羊角屑30g  沙参22．5g  防风22．5g  木通22．5g(锉)  旋覆花15g  泽泻22．5g  前胡22．5g  菖蒲15g  牵牛子45g(微炒),22.5g,祛风清热，利湿通窍。,祛风解表(风热),风热挟湿上扰，耳聋，不闻言语。,上为粗散。每次9g，用水250m1，加生姜4g，煎至120ml，去滓。,食后温服,,y,9.0,,,
明,汤,内,17828.0,寄生防风汤,《济阴纲目》卷十一,独活  川芎  芍药(炒黄)  桂心  续断  生姜  桑寄生各1．8g  当归  防风各2．4g,2.4g,养血祛风，补肾强腰。,祛风解表(风热),产后血虚，外感风邪，头眩，腰痛不可转侧，四肢沉重，行步艰难。,上药锉。水煎，去滓。,温服,,y,9.0,,,
约宋元,煮散,内,19129.0,犀角饮子,《秘传眼科龙木论》卷六,犀角  羚羊角  大黄  人参  茯苓　知母  黄芩各30g  桔梗  防风各60g,60g,疏风清热,祛风解表(风热),风热上侵，眼小眦生赤脉外障。,上为末。每次3g，用水150m1，煎至75m1，去滓。,食后温服,,y,9.0,,,
宋,煮散,内,19137.0,犀角升麻汤,《普济本事方》卷五,犀角(镑)37．5g  川升麻30g  防风  羌活各90g  白芷(不见火)  黄芩  川芎  白附子(炮)各15g  炙甘草7．5g,90g,祛风清热，通络止痛。,祛风解表(风热),风毒侵入足阳明经络，血凝不行，鼻额间痛，或麻痹不仁，久者连口唇颊车发际皆痛，不可开口，有碍言语饮食，左额与颊上常如糊急，手触之则痛。,上为粗末。每次12g，用水230ml，煎至180ml，去滓。,食后、临卧通口服，一日三、四次服。,,y,9.0,,,
金,汤,内,19620.0,解表升麻汤,《兰室秘藏》卷八,"升麻  羌活  苍术各3g  防风2．4g  柴胡  甘草2．1g  当归  藁本各1．5g  陈皮  
0．9g",2.4g,祛风除湿，解表散邪。,祛风解表(风湿),外感风湿，遍身壮热，骨节疼痛。,上叹咀。用水300m1，煎至150m1，去滓。,温服。后以葱醋汤发之，得微汗为效。,,y,9.0,,,
宋,煮散,内,19790.0,槟榔汤 ,《圣济总录》卷三十八,槟榔(锉)  陈皮  白茯苓  防风 人参  麦冬(去心，焙)  紫苏茎叶  炙甘草  诃黎勒(煨黄，去核)各30g,30g,温中止呕。,祛风解表(风湿),霍乱呕吐，腹胁胀满。,上为粗末。每次15g，加生姜7．5g(拍碎)，陈米30g，用水300ml，煎至270m1，去滓。,温服，一日三次。每呕逆时，相次热服。,,y,9.0,,,
宋,煮散,内,19858.0,蔓荆子散,《太平圣惠方》卷三十,蔓荆子30g  酸枣仁30g(微炒)  防风30g  百合60g  枳实30g(麸炒微黄)  桂心30g  薏苡仁75g  木通45g(锉)  牵牛子90g(微炒),30g,祛风除湿，养肝舒筋。,祛风解表(风湿),肝虚筋脉失养，风湿外侵，筋脉拘挛疼痛，或时肢节浮肿，手指不可拳。,上为散。每次9g，用水200m1，入生姜3g，煎至120ml，去滓。,食前温服。,,y,9.0,,,
清,丸,内,20550.0,燥脾丸,《医略六书》卷二十,羌活45g  防风45g  苍术45g(炒)  半夏45g(制)  白芷45g  陈皮45g  柴胡24g  升麻24g  甘草15g,45g,祛风燥湿。,祛风解表(风湿),风湿伤脾，湿渍两胞，眼眩湿烂。,上为末，米糊为丸，如梧桐子大。,每次9g，用米饮送服。,,y,9.0,,,
清,汤,内,12171.0,荆防葛根汤,《烂喉痹痧灵方》,葛根3～4．5g  牛蒡子9g  桔梗4．5g  荆芥4．5g  枳壳3g  白杏仁(去皮、尖)9g(便溏者勿研)  生甘草1．2g  土贝9g(去心，研) 防风4.5g  浮萍草6g,4.5g,疏风清热，化痰利咽。,祛风解表,时令平和时之烂喉痹痧，初起发热者。,水煎，去滓。,温服。,,y,10.0,,,
清,汤,内,12173.0,荆防解毒汤,《医宗金鉴》卷五十六,荆芥  防风  赤芍药  生地黄  甘草(生)  金银花  木通  桔梗  地骨皮  连翘(去心),wbz,疏风清热，凉血透疹。,祛风解表(风热)；透疹,小儿痘疹，热在肌表，痘痂宜落不落，其痂一半掀起，一半咬紧，身热干燥，肌肤红赤。,加生姜为引，水煎，去滓。,温服。,,n,10.0,,,
元,散,外,14097.0,神应散,《杂类名方》,川芎  防风  升麻  细辛  茯苓  白芷  香附子  荜茇  甘松各等分  石膏3倍于上药,等分,去风坚齿,祛风解表(牙痛),牙痛,上为细末,每晚睡前刷净牙，以指蘸药搽牙，热麻时漱去。,,n,10.0,,,
清,汤,内,14690.0,桔干汤,《类证治裁》卷二,荆芥  防风  连翘  桔梗  牛蒡  射干  玄参  山豆根  竹叶  甘草,wbz,疏风清热，宣肺化痰。,祛风解表(风热),痰热客肺，喘急上气致失音者。,水煎，去滓,温服,,n,10.0,,,
明,散,外,15543.0,消风定痛散,《丹溪心法附余》卷十二,荆芥12g  白芷  防风  细辛  全蝎  升麻  川芎各6g  胆矾0.6g  芒硝  青黛各2．4g,6g,祛风止痛，泻火解毒。,祛风解表,牙齿疼痛，风热攻注，龈肉肿闷。,上为末,每用一指蘸药搽于牙上，噙半时。有津吐出。,,y,10.0,,,
元末,散,外,16185.0,通顶散,《银海精微》卷下,川芎  白芷  谷精草  藜芦  防风　薄荷  牙皂  蔓荆子  细辛  蒲黄各等分,等分,通窍止痛。,祛风解表(头痛),一切头风,上为末,口含水搐之，吹入鼻内亦可。,,n,10.0,,,
清,汤,内,16430.0,萎蕤汤,《医级》卷七,萎蕤  甘草  荆芥  防风  桔梗  枳壳  柴胡  薄荷  黄芩  连翘,wbz,滋阴清热，解表散邪。,祛风解表(风热),春温时感头痛，身热酸痛，少气。,水煎，去滓,温服,,n,10.0,,,
宋,散,内,17470.0,清神散,《类编朱氏集验医方》卷九,干菊花  白僵蚕(炒，去丝、嘴)各30g  荆芥穗  羌活  木通  川芎  防风各15g  木香6g　甘草  石菖蒲各9g,15g,疏风散热，通窍聪耳。,祛风解表,风热内攻，听户闭塞，耳聋作痛，头目不清，脉浮数者。,上为末,每次9g，食后、临卧用茶清调服。,,y,10.0,,,
明,汤,内,17617.0,清咽利膈汤,《幼科金针》卷下,前胡  防风  荆芥  连翘  牛蒡子　山豆根  玄参  山栀  桔梗  甘草,wbz,疏风散热，清咽利膈。,祛风解表(风热),小儿乳蛾,加灯心20根，水煎，去滓。,温服,,n,10.0,,,
宋,煮散,内,17739.0,羚犀汤,《杨氏家藏方》卷三,羚羊角屑  犀角屑  生地黄  白术  防风  人参  炙甘草  山栀子仁  荆芥穗  升麻各等分,等分,清热解毒，疏风止痛。,祛风解表(风热),风热上攻，目赤头痛，口舌生疮，小便赤涩。,上畋咀。每次9g，用水300m1，加生姜、竹叶各5片，同煎至180ml，去滓。,空心、食前温服。,,n,10.0,,,
宋,丸,内,17741.0,羚羊角丸,《大平圣惠方》卷三十二,羚羊角屑22．5g  蔓荆子22．5g  防风30g  栀子仁22．5g  赤芍药30g  葳蕤30g  甘菊花22．5g  麻仁30g  麦冬45g(去心，焙)  川朴硝30g    ,30g,祛风泻热,祛风解表(风热),一切风热攻眼，赤痛，心神烦燥，大小便难。,上为末，炼蜜为丸，如梧桐子大。,每次30丸，食后用温水送下。,,y,10.0,,,
清,汤,内,18151.0,葛根白虎汤,《医醇剩义》卷四,葛根6g  石膏15g  花粉9g  石斛9g  连翘4．5g  薄荷3g  防风3g  桔梗3g  淡竹叶20张  白茅根15g,3g,疏风清热,祛风解表(风热牙痛),齿痛由于外感风热者。,水煎，去滓,温服,,y,10.0,,,
明,汤,内,18353.0,搜风散,《程松崖眼科》,防风1．8g  荆芥1．8g  蕤仁2．4g　白蒺藜3g  菊花3g  蝉蜕1．8g  甘草1．2g  谷精草1．8g  赤芍2．4g  车前子3g,1.8g,祛风清热,祛风解表,眼弦作痒糜烂者。,上为散。加生姜1薄片，水煎，去滓。,温服。外点蕤仁膏。,,y,10.0,,,
现代,汤,内,18509.0,紫癜肾炎汤,《中西医结合儿科试用新方》,丹参30g  旱莲草20g  防风10g　荆芥10g  黄芩10g  车前子15g(包煎)  地肤子10g  麻黄6g  苦参10g  甘草4g,10g,凉血化瘀，祛风抗敏。,祛风解表,紫癜性肾炎,水煎，去滓,三至六岁，每日服三分之一剂至二分之一剂，六至九岁，每日服二分之一剂至三分之二剂，九至十二岁，每日服三分之二剂至一剂。,,y,10.0,,,
清,汤,内,19741.0,静镇汤,《会约医镜》卷十四,白芍  黄芩  生地  陈皮  柴胡各3g  甘草  防风  桂枝  紫苏各2．4g  当归4．5g,2.4g,和表清里,祛风解表(风寒),经行时，因冒风寒，以致热入血室而夜不宁者。,水煎，去滓,热服,,y,10.0,,,
近代,煮散,内,20506.0,藁本苍耳散,《镐京直指方》卷二,藁本4．5g  苍耳子6g  白蒺藜9g  秦艽4．5g  川芎3g  蝉蜕3g  羌活4．5g  防风4.5g  石菖蒲3g  香白芷3g,4.5g,祛湿宣窍,祛风解表(湿邪),湿邪上蒸，头重如裹，耳目如蒙。,上为散。每次9g，用水200m1，煎至150m1，去滓。,温服,,y,10.0,,,
清,其它,内,20509.0,霜梅,《同寿录》卷末,牙皂(去弦净)120g  食盐30g  桔梗60g  天南星25枚  大半夏35粒  甘草30g  芒硝120g  防风120g  白矾120g  熟大梅100个(五月五日采，半熟),120g,祛风清热，化痰消肿。,祛风解表(风热)　咽,咽喉肿痛,用盐、消同梅拌匀，过一夜，候水浸透，再将诸药研细入内同拌，取起晒干，又浸，以药水收干为度，晒干，起霜衣色白者佳，收贮封固。,每次1枚，丝棉裹，含口内，有酸水咽下。即有痰涎涌出，候痰净，口内有清水，去梅即愈。,,y,10.0,,,
清,汤,内,12176.0,荆芥败毒散,《外科医镜》,荆芥4．5g  防风4．5g  桔梗4．5g　赤芍4．5g  牛蒡子6g  金银花6g  浙贝母6g  连翘6g  薄荷3g  生甘草2．4g  青果1个,4.5g,疏散风热，解毒利咽。,祛风解表,时毒喉痛，斑疹腮肿，风痰咳嗽，头痛发热。,水煎，去滓,温服,,y,11.0,,,
宋,煮散,内,12723.0,省风散,《类编朱氏集验医方》卷一,羌活  防风  甘草  白茯苓各1．5g 木香0．3g  人参  陈皮  乌药各9g  白术30g 南星15g(炮，去皮，切如豆大)  附子27g(炮，去皮、脐，切),1.5g,祛风散寒，除湿止痛,祛风解表(风寒湿),风寒湿邪外客，手足麻痹，头重偏疼，起居眩晕，四肢倦怠，足胫缓弱，掣痛无时。,上为末。每次12g，加生姜10片，大枣2个，水煎，去滓。,不拘时服,,y,11.0,,,
清,汤,内,12928.0,香芷汤,《医醇剩义》卷四,香附6g  白芷1．8g  当归4．5g  川芎2．4g  防风3g  桑叶3g  菊花6g  蝉蜕3g  蔓荆子4．5g  桔梗3g  黑芝麻9g,3g,祛风宣肺,祛风解表(风邪),太阳受风，巅顶作痛，鼻窍微塞，时流清涕。,水煎，去滓,温服,,y,11.0,,,
金,丸,内,13147.0,保肺丸,《小儿卫生总微论》卷十四,白僵蚕(去丝嘴，炒)60g  山药15g　白茯苓(去皮)30g  紫苏叶30g  藿香30g  百部15g  黄芩30g  防风30g  杏仁(去皮、尖，麸炒)30g  百合15g  五味子30g,30g,祛风清肝，化痰止咳,祛风解表(风热),小儿肺胃风热，咳嗽痰盛，气喘呕吐，及久嗽不愈。,上为细末，炼蜜为丸，如鸡头子大。,每次半丸至1丸，食后临卧用桔梗煎汤化服。,,y,11.0,,,
宋,丸,内,13393.0,独活丸,《圣济总录》卷一二一,独活  防风  黄芩(去黑心)  零陵香  川芎  细辛  当归各15g  沉香(锉)  鸡舌香　升麻  炙甘草各30g,15g,疏风散热，行气活血，消肿止痛。,祛风解表(风热牙痛),风热上攻，齿龋龈肿，脓出疼痛。,上为末，熔蜡为丸，如小豆大,用绵裹1粒，于痛处含化咽津，消尽即再用。,,y,11.0,,,
明,散,内,13632.0,活命散,《普济方》卷二O二引《护命方》,防风  羌活  独活  干姜  细辛各7．5g  草豆蔻  肉豆蔻  川芎各15g  官桂  吴茱萸  干木瓜各30g,7.5g,温中和胃,祛风解表(风湿),上吐下泻，霍乱不止，面色青黑，命欲临死。,上为末,每次15g，空心用浓煎木瓜汤调服。,,y,11.0,,,
宋,煮散,内,15410.0,消风散,《济生方》卷七,石膏(煅)  甘菊花  防风  荆芥穗　川羌活  羚羊角(镑)  川芎  大豆黄卷(炒)  当归(酒洗)  白芷各30g  炙甘草15g,30g,消风清热,祛风解表,妊娠外感风热毒气，太阳穴痛，呕逆，背项拘急，头旋目晕，视物不清，腮项肿核。,上哎咀。每次12g，用水230m1，入好茶1．5g，煎至160ml，去滓。,食后通口服。,,y,11.0,,,
明,散,内,16503.0,菊花茶调散,《丹溪心法附余》卷十二,菊花  川芎  荆芥穗  羌活  甘草　白芷各60g  细辛30g  防风45g  蝉蜕  僵蚕　薄荷各15g,45g,祛风止痛,祛风解表,风邪上侵，头目昏重，偏正头痛，鼻塞。,上为末,每次6g，食后用茶清调服。,,y,11.0,,,
明,汤,内,17409.0,清肾汤,《寿世保元》卷八,防风  天花粉  贝母  黄柏(盐水炒)  白茯苓  玄参  白芷  蔓荆子  天麻  半夏(泡)各1．5g  生甘草0．75g,1.5g,清肾化痰,祛风解表(风热),小儿肾火挟痰上扰，耳热出汁作痒。,加生姜3片，水煎，去滓。,分二次温服,,y,11.0,,,
明,汤,内,17571.0,清阳散火汤,《外科正宗》卷四,升麻  白芷  黄芩  牛蒡子  连翘　石膏  防风  当归  荆芥  白蒺藜各3g  甘草1．5g,3g,疏风清热，解毒散结。,祛风解表,骨槽风。牙根尽处结肿，连及耳项作痛。,用水400m1，煎至320m1，去滓。,食后温服,,y,11.0,,,
宋,煮散,内,17749.0,羚羊角汤,《圣济总录》卷十七,羚羊角(镑)60g  菊花90g  防风　羌活  前胡  藁本  玄参  黄芩(去黑心)  杏仁(去皮、炎、双仁，炒令黄)  菖蒲  甘草(炙，锉)各30g,30g,清热解毒，平肝熄风。,祛风解表(风热),热毒风上攻，头旋目运，耳内虚鸣，或身体瘾疹麻痹。,上为粗末。每次15g，用水230ml，煎至150ml，去滓。,食后温服,,y,11.0,,,
宋,煮散,内,17770.0,羚羊角散,《太平圣惠方》卷二十三,羚羊角屑30g  枳壳30g(麸炒微黄)  独活30g  防风30g  黄芩30g  细辛30g  赤芍药30g  炙甘草30g  人参30g  麻黄30g(去根、节)  石膏90g,30g,祛风清热,祛风解表(风热),风热头痛，肢节烦热，项背拘急。,上为粗散。每次9g，用水250m1，煎至150m1，去滓。  ,温服，不拘时候。,,y,11.0,,,
明,煮散,内,17851.0,续命汤,《证治准绳·幼科》卷二,麻黄  人参  黄芩  川芎  芍药  炙甘草  防风  杏仁(去皮、尖，炒)  官桂  防己  附子(炮裂，去皮、脐)各等分,等分,益气祛风，温经通络。,祛风解表(虚感),小儿手足拘挛，不能屈伸。,温服，不拘时候。,益气祛风，温经通络。,,n,11.0,,,
明,汤,内,19171.0,疏风分理散,《幼科金针》卷上,荆芥  防风  苏叶  柴胡  陈皮  甘草  苍术  厚朴  木通  木香  车前,wbz,疏风解表，燥湿和中。,祛风解表(风寒),小儿外感风寒，脾失健运，湿邪中阻，身发寒热，呕吐痰沫，大便泄泻，或泻青而起沫者。,加生姜，水煎，去滓。,温服,,n,11.0,,,
现代,其它,内,19424.0,感冒清热冲剂,《中华人民共和国药典》一部,荆芥穗200g  薄荷60g  防风lOOg  柴胡lOOg  紫苏叶60g  葛根lOOg  桔梗60g　苦杏仁80g  白芷60g  苦地丁200g  芦根160g,lOOg,疏风散寒，解表清热,祛风解表,风寒感冒，头痛发热，恶寒身痛，鼻流清涕，咳嗽咽干。,以上十一味，取荆芥穗、薄荷、紫苏叶提取挥发油，蒸馏后的水溶液另器收集，药渣与其余防风等八味，加水煎煮二次。每次1．5小时，合并煎液，滤过，滤液与上次水溶液合并，浓缩至相对密度1．35-1．38(50～60度)成清膏。取清膏1份，蔗糖3份，糊精1份及适量的乙醇制成颗粒，干燥，加入上述荆芥穗等挥发油，混匀，即得。,每次12g，开水冲服，一日二次。,,y,11.0,,,
金,其它,内,19562.0,愈风饼子,《儒门事亲》卷十二,川乌15g(炮制)  川芎  甘菊花  白芷  防风  细辛  天麻  羌活  荆芥  薄荷  炙甘草各30g,30g,祛风散寒，通络止痛。,祛风解表,雷头风,上为细末，水浸蒸饼为丸，捏作饼子。,每次3～5饼，细嚼，茶清送服，不拘时候。,,y,11.0,,,
宋,煮散,内,19854.0,蔓荆散,《太平圣惠方》卷二十二,蔓荆子22．5g  防风15g  枳壳22．5g(麸炒微黄，去瓤)  山茱萸15g  麻黄22．5g(去根、节)  旋复花  甘菊花  川芎  莽草各22．5g(微炙)  炙甘草15g  羚羊角屑22．5g,15g,祛风活血。,祛风解表(风邪),头面风，皮肤不仁，头疼心烦，四肢不利。,上为散。每次9g，用水250m1，入生姜4g，煎至150m1，去滓。,温服，不拘时候。,,y,11.0,,,
明,煮散,内,12164.0,荆防败毒散,《医学正传》卷八,柴胡  甘草  人参  桔梗  川芎  茯苓  枳壳  前胡  羌活  独活  荆芥穗  防风各1．2g,1.2g,疏风解表，败毒消肿。,祛风解表；透疹,痈疽疮疡初起，发热，脉浮数；及水肿邪在表者。,上为散。每次15g，用水150m1，煎至105m1，去滓。,温服,,y,12.0,,,
唐,汤,内,12392.0,茯神汤,《外台秘要》卷十五引《古今录验》,龙骨9g  干姜4．5g  细辛4．5g  白术3g  茯神9g  人参  远志(去心)  甘草(炙)　桂心  独活各6g  酸枣仁9g  防风6g,6g,温阳散风，安神定惊。,祛风解表(风寒)；止痉,心阳不振，外感风寒，致患惊悸。,上切。以水1．8L，煮取600m1。,分为三服,,y,12.0,,,
宋,煮散,内,12394.0,茯神汤,《圣济总录》卷十五,茯神(去木)  羌活  木通  防风  细辛  蔓荆实(去白皮)  生地黄(焙)  白术  当归(切，焙)  芍药  陈皮(汤浸，去瓤，焙)  川芎各30g,30g,养血祛风,祛风解表(风邪头痛),首风。头痛，当先风则甚。,上为粗末。每次9g，用水150ml，煎至105m1，去滓。,空心、食前温服。,,y,12.0,,,
宋,煮散,内,13409.0,独活散,《太平圣惠方》卷二十二,独活30g  桂心30g  川芎30g  麻黄30g(去根、节)  防风30g  白术30g  赤芍药30g  细辛30g  炮附子30g  枳壳15g(麸炒微黄，去瓤)  杏仁30g(汤浸，去皮、尖、双仁，麸炒微黄)  炙甘草15g,30g,祛风胜湿，散寒通络。,祛风解表(风寒)；胜湿止痛,外感风寒湿邪，客于经脉，致患柔风，肌肉软弱，身体疼痛，四肢不仁。,上为散。每次12g，用水250ml，加生姜4g、大枣3个，煎至150ml，去滓。,温服，不拘时候,,y,12.0,,,
清,汤,内,13439.0,独活寄生汤,《医医偶录》卷一,独活  桑寄生  防风  秦艽  威灵仙  牛膝  茯苓各3g  桂心1．5g  细辛  炙草各1g  当归  金毛狗脊各6g,3g,祛风胜湿，散寒止痛，补肾壮腰。,祛风解表(风寒)；胜湿止痛,产后外感风寒湿邪，经脉痹阻，以致腰痛，上连脊背，下连腿膝。,水煎，去滓,分二次温服,,y,12.0,,,
唐,散,内,13523.0,度瘴散,《千金翼方》卷十,麻黄(去节)  升麻  炮栀子 白术各30g  细辛  干姜  防己  防风  桂心  乌头(炮，去皮)  花椒(汗)  桔梗各18g,18g,祛风散寒，辟秽解毒。,祛风解表(风寒),瘴气,上为散，密贮之。,山中所在有瘴气之处，平旦空腹以饮送服3g。覆取汗，病重稍加之。,,y,12.0,,,
宋,煮散,内,13710.0,前胡汤,《圣济总录》卷二十二,前胡  蔓荆实(去白皮)  川芎  麻黄(去根、节，煎掠去沫，焙)  甘菊花  防风  羌活　白茯苓  石膏(碎)  炙甘草各90g  枳壳(去瓤，麸炒)120g  黄芩45g,90g,发汗解表，清热除烦。,祛风解表(风寒),外感风寒，内有蕴热，壮热无汗，心烦口渴，肩背拘急疼痛。,上为粗末。每次9g，用水200ml，加生姜2片，煎取140ml，去滓。,温服,,y,12.0,,,
明,汤,内,14457.0,除湿四物汤,《鲁府禁方》卷三,当归(酒洗)  川芎  赤芍  生地  赤茯苓  苍术(米泔浸炒)  猪苓  泽泻  木通  防风  羌活各等分  甘草减半,等分,养血祛风，燥湿利水。,祛风解表(湿邪),外感湿气，遍身骨节疼痛，四肢困倦,上锉。水煎，去滓。,温服，不拘时候,,n,12.0,,,
宋,散,内,15409.0,消风散,《太平惠民和剂局方》卷一,荆芥穗  甘草(炒)  川芎  羌活  白僵蚕(炒)  防风  茯苓  蝉蜕(微炒)  藿香叶  人参各6g  厚朴(涂jiang汁炙熟)  陈皮(焙)各15g,6g,祛风除湿,祛风解表；止痒；透疹；止痉,风邪上攻或外侵肌肤，头目昏痛，瘙痒瘾疹，眼痒昏涩；小儿急慢惊风，胎风赤烂；妇人血风。,上为细末,每次6g，茶清调服，如久病偏风，每日三服，便觉轻减；如脱着淋浴，暴感风寒，头痛身重，寒热倦怠，用荆芥茶清或温酒调服；小儿虚风，目涩昏困，及急慢惊风，用乳香、荆芥汤调服，并不拘时候。,,y,12.0,,,
明,汤,内,16045.0,调荣养卫汤,《伤寒六书》卷四,人参  黄芪  当归  羌活  防风  白术  陈皮各2．5g  柴胡  地黄各3g  甘草  细辛各1g  川芎2．1g,2.5g,补气养血，散寒解表,祛风解表(虚感),劳力之后，气血两虚，外感寒邪，头疼身热，恶寒微渴，溅然汗出，身及腰腿疫，无力困倦，脉空浮而无力。,用水400m1，加生姜3片，大枣2枚，葱白1茎，煎至280m1，去滓。,温服,,y,12.0,,,
元,汤,内,16134.0,通气汤,《脉因证治》卷下,羌活  独活  防风  葛根  升麻各9g  川芎3g  苍术  炙草各9g  黄芪12g  白芷3g  黄连2g  黄柏3g,9g,疏风散寒，清热化湿,祛风解表(风寒),酒渣鼻、艴鼻息肉、鼻渊由于风寒外侵，湿热内郁而成者,水煎，去滓。,分二次温服,,y,12.0,,,
明,汤,内,16239.0,通窍汤,《万病回春》卷五,防风  羌活  藁本  升麻  干葛  川芎  苍术  白术各3g  麻黄  花椒  细辛  甘草各0．9g,3g,祛风散寒，宣肺利窍,祛风解表(风寒),感冒风寒，鼻塞声重，流涕，鼻不闻香臭。,上锉一剂。加生姜3片，葱白3根，水煎，去滓。,热服,,y,12.0,,,
金,汤,内,16262.0,通气防风汤,《内外伤辨》卷中又名防风汤(《医学纲目》卷二十七,防风  羌活  陈皮  人参  甘草各1．5g  藁本  青皮各0．9g  白豆蔻  黄柏各0．6g  升麻  柴胡  黄芪各3g,1.5g,疏风清热，理气止痛。,祛风解表(风热),风热乘肺，肺气郁甚，肩背痛，汗出，小便数而少。,上收咀，都作一服。用水300ml，煎至150m1，去滓。,食后温服,,y,12.0,,,
宋,煮散,内,16705.0,黄耆汤,《医方类聚》卷一五九引《济生方》,黄芪(蜜水炙)45g  白茯苓  熟地黄(酒蒸)  肉桂(不见火)  天冬(去心)  麻黄根　龙骨各30g  五味子  小麦(炒)  防风  当归(jiu浸)  炙甘草各15g,15g,补气养血，固表止汗。,祛风解表(虚感),房室虚劳，阴阳偏虚，喜怒惊恐，或发厥自汗，或盗汗不止，或气虚自汗。,上哎咀。每次12g，用水230m1，加生姜5片，煎至100m1，去滓。,温服，不拘时候。,,y,12.0,,,
宋,煮散,内,17755.0,羚羊角汤,《圣济总录》卷一O八,羚羊角屑  防风  地骨皮  麦冬(去心，焙)  茯神(去木)各30g  黄芩(去黑心)　枳壳(去瓤，麸炒)  蕤仁(汤浸，去皮)  芒硝各15g  炙甘草22．5g  升麻22．5g  石膏60g,15g,清热解毒，祛风止痛,祛风解表(风热),风毒所攻，头目俱痛，及眉骨额头疼痛。,上为粗末。每次9g，用水150m1，煎取105m1，去滓。,食后温服,,y,12.0,,,
清,汤,内,19162.0,疏表汤,《寒温条辨》卷三,淡豆豉9g  羌活6g  防风4．5g  桔梗4．58  前胡3g  黄芩3g  苏叶2．4g  川芎2．4g  细辛1．5g  甘草1．5g  生姜6g  葱白2茎,4.5g,疏风散寒，发汗解表,祛风解表(风寒),四时感冒风寒，鼻塞声重，或流涕不已，发热恶寒，头痛身痛者。,水煎，去滓,温服,,y,12.0,,,
明,汤,外,19181.0,疏风散湿汤,《审视瑶函》卷六,赤芍药  黄连  防风各1．5g  铜绿(另入)  川花椒  归尾各3g  轻粉0．3g(另入)　羌活  五倍子各o．9g  荆芥1．8g  胆矾  明矾各0．09g,1.5g,疏风祛湿,祛风解表,眼眶迎风赤烂,用水600m1，煎至300m1，去滓。再以铜绿泡化，后入轻粉搅匀，汤脚用绵纸滤过澄清。,用手蘸洗目烂湿处,,y,12.0,,,
金,散,内,20438.0,薄荷散,《小儿卫生总微论》卷三,薄荷叶  藿香叶(去土)  荆芥穗  甘松  白芷  防风  川芎  桔梗  白僵蚕(去丝嘴) 炙甘草  藁本各30g  细辛15g,30g,疏风散热,祛风解表,小儿风热温壮，及伤寒伤风，疮疹未辨之间。,上为末,每次3g，茶调温服。,,y,12.0,,,
清,汤,内,12167.0,荆防败毒散,《白喉全生集》,防风9g  柴胡  僵蚕(jiang汁炒)  法夏(jiang汁炒)  桔梗  前胡  独活各6g  荆芥  羌活  银花各4．5g  枳壳  粉草各3g  生姜3片,9g,疏表散寒，消肿利咽,祛风解表,白喉初起，白见于关内或关外，色必明润而平，满喉淡红，微肿略痛，头痛，恶寒发热，饮食如常，舌苔白，二便和，寒邪尚在表者。,水煎，去滓,温服,,y,13.0,,,
清,汤,内,12168.0,荆防败毒散,《青囊全集》卷下,荆芥4．5g  防风6g  羌活3g  独活2．4g  前胡4．5g  柴胡3g  桔梗3g  玄参6g 茯苓3g  川芎3g  白芷6g  草节1．5g  皂刺4．5g,6g,疏表解毒，消肿散结,祛风解表；透疹；散结,疔疮，憎寒壮热者,上为散。野菊为引，水煎，去滓。,温服,,y,13.0,,,
明,汤,内,12175.0,荆芥连翘汤,《万病回春》卷五,荆芥  连翘  防风  当归  川芎  白芍  柴胡  枳壳  黄芩  山栀  白芷  桔梗各等分  甘草减半,等分,疏风清热，消肿止痛,祛风解表(风热),肾经风热，两目肿痛,水煎，去滓,温服,,n,13.0,,,
宋,其它,外,12499.0,药枕,《医部全录》卷三三一引《保生要录》,蔓荆子  甘菊花  通草  防风  羚羊角(屑)  犀角  石菖蒲各2．4g  细辛  白芷  川芎  藁本各18g  白术1．2g  黑豆135g(拣净),2.4g,凉肝熄风，止痛定眩。,祛风解表(风邪头痛),头风目眩,上为细末，相拌令匀，以生绢囊盛之；欲其气全，次用碧罗袋盛之如枕样，纳药直令紧实，置于盒子中，其盒形亦如枕，纳药囊，令出盒子唇约5cm。,晚来欲枕时，揭去盒子盖，不枕即盖之，使药气不散。枕之日久，渐低，更入药以实之，或添黑豆，令如初，三至五月后，药气散则换之。,,y,13.0,,,
清,汤,内,13249.0,顺气利咽汤,《喉科紫珍集》,川芎  枳壳  乌药  白芷  陈皮各2．1g  桔梗  栀子  花粉各3g  防风  黄芩各2.4g  牛蒡子  玄参各3．6g  甘草1．5g,2.4g ,疏风清热，顺气利咽。,祛风解表(风热),喉风初起，肿胀，痰壅气促，呛食难进；风热上侵，喉中干燥作痛，无痰涎而气喘者。,加连须葱1小枝，灯心66cm，用水400ml，煎至280ml，去滓。,温服。,,y,13.0,,,
宋,煮散,内,13398.0,独活汤,《圣济总录》卷五十七,独活  人参  白茯苓  吴茱萸(水浸12小时，炒)  炙甘草  炮干姜  陈皮(汤浸，去白，焙)  黄芪(锉)  肉桂  芍药  川芎  防风(去叉)各30g  当归(切，焙)60g,30g,温中益气，和血止痛。,祛风解表(风寒),中焦阳衰，气血俱虚，外感风寒，心腹冷痛。,上为末。先以水300ml，羊肉60g，煮至150ml，去肉；下药末9g，加生姜7．5g(切)、大枣2个(劈破)，煎至lOOml，去滓。,温服，每日三次。,去叉,y,13.0,,,
明,汤,内,14008.0,祛风清热散,《仁术便览》卷一,细辛0．5g  jiu黄芩芩6g  白芷3．6g  防风2.4g  柴胡梢2．4g  川芎3g  荆芥2．1g  羌活2．18  甘草1．5g  蔓荆子0．9g  天麻2．1g  石膏4．5g  菊花2．1g,2.4g,疏风泻火，散热止痛。,祛风解表,风热头目昏痛，偏正头风，头昏鼻塞。,水煎，去滓,食远热服,,y,13.0,,,
清,汤,内,14013.0,祛邪立效散,《会约医镜》卷六,陈皮  半夏  茯苓  甘草  白芷  川芎  荆子各3g  羌活  防风  桂枝各2．4g  北细辛0．9g  苏叶1．2g  生姜1．5g,2.4g,疏风散寒,祛风解表(风寒),外感风寒，头痛暴甚，畏风恶寒，脉紧而弦。,水煎，去滓,热服。取汗,,y,13.0,,,
明,汤,内,14462.0,除湿胃苓汤,《外科正宗》卷四,防风  苍术  白术  赤茯苓  陈皮　厚朴  猪苓  山栀  木通  泽泻  滑石各3g  甘草  薄桂各1g,3g,疏风清热，健脾利湿。,祛风解表(风热),脾肺二经湿热壅遏，致生火丹，溃烂疼痛。,用水400m1，加灯心20根，煎至320ml，去滓。,食前温服,,y,13.0,,,
明,丸,内,14985.0,换金丹,《医学六要·治法汇》卷四,荆芥穗  白僵蚕  甘草  防风各30g  天麻  川乌头(生用)  白附子(生用)  蝎梢(炒，去毒)  羌活  细辛  川芎  藿香各15g  薄荷90g,30g,搜风通络,止痉；祛风解表,风热客于上焦，口眼喁斜。,上为细末，炼蜜为丸，如弹子大。,每次1丸，细嚼，茶、酒送服；如左喁以此涂于右，右喁涂于左。,,y,13.0,,,
元,丸,内,17253.0,旋覆花丸,《御药院方》卷一,旋覆花30g  防风  吴白芷  甘菊花  天麻  天南星(炮)  禹白附(炮)  半夏(汤洗)　陈皮(去白)  川芎  蝎梢(去毒，炒)  僵蚕(炒去丝)  石膏(研)各30g,30g,祛风化痰，清利头目,祛风解表(头痛)；止痉,风痰实热上扰，头目昏眩，旋运欲倒，呕哕恶心，恍惚不宁，神志昏愦，肢体倦怠，颈项强硬，手足麻痹；偏正头痛,上为细末，生姜汁煮面糊为丸，如梧桐子大。,每次30～40丸，食后用温生姜汤或茶清送服。,,y,13.0,,,
现代,丸,内,17616.0,清咽利膈丸,《北京市中药成方选集》,连翘1kg  黄芩1kg  生栀子1kg　薄荷1kg  防风1kg  玄参(去芦)1kg  天花粉1kg  射干1kg  荆芥穗1kg  牛蒡子(炒)1kg  桔梗2kg  熟大黄250g  甘草1．5kg,1kg,清热利咽，消肿止痛,祛风解表,心胃热盛，胸膈不利，咽喉肿痛，口苦舌干，大便秘结，小便赤黄。,上为细末，过罗，用冷开水泛为小丸。,每次6g，温开水送服，—日二次,,y,13.0,,,
现代,汤,内,19180.0,疏风清热饮,《朱仁康临床经验集》,荆芥9g  防风9g  牛蒡子9g  白蒺藜9g  蝉蜕4．5g  生地15g  丹参  赤芍  炒山栀  黄芩  银花  连翘各9g  生甘草6g,9g,疏风清热，凉血解毒。,祛风解表；透疹,风热型荨麻疹,水煎，去滓,温服,,y,13.0,,,
金,散,外,20188.0,蝎梢散,《兰室秘藏》卷中,白芷  当归身  柴胡各0．6g  桂枝  升麻  防风  藁本  黄芪各0．9g  羌活1．5g　草豆蔻皮3g  麻黄(去节)4．5g  蝎梢少许  羊胫骨灰7．5g,0.9g,疏风散寒，通络止痛。,祛风解表(风寒牙痛),风寒犯脑，牙齿疼痛,上为细末,先用温水漱口净，后将药擦牙痛处。,,y,13.0,,,
清,丸,外,20228.0,镇液丹,《理瀹骈文》,生黄芪60g  白术  枣仁  熟地  当归  白芍  柏子仁  麻黄根各30g  五味子  防风  龙骨各15g  牡蛎粉45g  赤石脂36g,15g,益气养阴，固表止汗,祛风解表(虚感),自汗盗汗,上为细末，用红枣肉、黑小豆、浮小麦各60g，煎汁化牛胶15g和丸；亦可用麻油熬膏，黄丹收。,丸剂，酌用开水磨涂心口；膏剂，贴心口。,,y,13.0,,,
清,汤,内,13858.0,宣毒发表汤,《痘疹活幼至宝》卷终,升麻  葛根各2．4g  防风  荆芥各1．5g  桔梗  薄荷  甘草各o．6g  牛蒡  连翘　前胡  杏仁  枳壳  木通  竹叶各2．4g,1.5g,疏风解表，清热透疹,祛风解表；透疹,麻疹初起，感受风寒，发热恶寒，疹点隐而不发，烦闷躁乱，苔薄白，脉浮数者。,水煎，去滓,温服,,y,14.0,,,
清,汤,内,14021.0,祛瘴辟瘟丹,《痧书》卷下,厚朴  苍术  羌活  防风  陈皮  枳实  香附  牛蒡子各3g  槟榔  白芷各2．4g  藿香  川芎各1．5g  细辛1．2g  甘草0．9g,3g,芳香辟秽，苦温降浊。,祛风解表(风湿),时疫痧瘴,加生姜，葱，水煎，去滓。,温服,,y,14.0,,,
明,汤,内,14316.0,神效清震汤,《鲁府禁方》卷一,羌活3g  荆芥  牛蒡子  防风  葛根  柴胡  赤芍  独活  白芷  前胡  川芎各2．4g  升麻  甘草各1．8g  薄荷2．1g,2.4g,疏风散邪，清热解毒,祛风解表,天行瘟疫，头面肿盛，咽喉不利，舌干口燥，憎寒壮热。,加生姜、葱，水煎，去滓,温服。令出汗,,y,14.0,,,
明,汤,内,15412.0,消风散,《仁术便览》卷一,桔梗  甘草  柴胡  黄连  栀子  黄芩  防风  川芎  薄荷  葛根  黄柏  枳壳  天花粉  枇杷叶,wbz,疏风清热,祛风解表(风热)；透疹　散结,风热上侵，面鼻生疮，粉刺。,用水200m1，酒100m1，煎，去滓,食远热服,,n,14.0,,,
现代,丸,内,19060.0,普济通宣丸,《北京市中药成方选集》,防风  连翘  桔梗  当归  甘草  栀子(炒)  川芎  葛根  白芷  青黛  细辛各300g  大青叶  麻黄各600g  大黄30g,300g,散风清热，发汗解表,祛风解表(风热),感冒风寒，内有蕴热，四肢疫痛，体倦身热，头痛目赤，大便干燥。,上为细粉，过罗，用冷开水泛为小丸。,每次6g，温开水送服。,,y,14.0,,,
宋,煮散,内,20499.0,藁本汤,《圣济总录》卷一八O,藁本7．5g  羚羊角(镑)  防风各30g　川芎  菊花(去萼，炽)  细辛(去苗叶)  白术 人参  柴胡  白蒺藜(微炒)  山栀子仁  白茯苓各15g 　炙甘草  黄芩各7．5g,30g,祛风解热,祛风解表(风热),小儿脑热，鼻干无涕,上为粗末。每次3g，用水70ml，加青竹叶5片，同煎至40ml，去滓澄清。,食后温服，一日二次。,,y,14.0,,,
清·何镇,汤,内,17540.0,清上抑火汤,《何氏济生论)卷三,蔓荆子1．5g  荆芥穗1．5g  薄荷1．5g  熟石膏3g  白芷1.8g  生地3g  半夏1．5g  当归2.lg  甘草0．9g  藁本2．4g  旋覆花1．5g  明天麻2.4g  川芎15g  防风1．8g  细辛O．9g,1.8g,清疏风热，通络止痛。,祛风解表,偏正头痛，脑漏鼻渊,加生姜3片，水煎，去滓。,温服,,y,15.0,,,
清,丸,内,19169.0,疏风止嗽丸,《慈禧光绪医方选议》,苏梗15g  防风  干葛  枳壳(炒) 前胡  桔梗  桑白皮  杏仁  半夏(炙)  茯苓各9g 陈皮  川贝(去心)  羌活  黄芩各6g  甘草3g,9g,疏风解表，止咳化痰。,祛风解表(风寒),外感风寒，咳嗽多痰，或咳嗽不爽者；久咳有痰，表邪未尽者。,共研细面，少兑炼蜜为丸，如绿豆粒大，朱砂为衣。,每次9g，白开水送服。,,y,15.0,,,
明,汤,内,19182.0,疏风滋血汤,《证治准绳·类方》卷四,当归  川芎  白芍药  熟地黄  羌活 独活  红花  牛膝  防风  白芷  家葛  升麻 甘草  柴胡  桃仁,wbz,养血祛风，解痉止痛。,祛风解表(风寒),颈项强痛。,加生姜，水煎，去滓。,温服。,,n,15.0,,,
近代,丸,内,20699.0,霹雳丸,《谢利恒家用良方》,牙皂105g  细辛105g  白芷  薄荷 广藿香  广木香各60g  枯矾458  苏合香  活贯众  制半夏  防风  桔梗  广皮各60g  腰黄朱砂各75g(水飞),60g,理气辟恶，开窍安神。,祛风解表(风湿),霍乱吐泻腹痛，及一切闷闭痧症。,上药各生晒研细末，和匀，勿用火炒，水泛为丸，瓷瓶收贮。,每次3g，温开水送服，老幼减半。,,y,15.0,,,
宋,散,内,12419.0,茯神散,《圣济总录》卷一一六,茯神(去木)45g  山药  人参各60g 赤茯苓  防风  防己各45g  花椒(去目并合口者，炒出汗)30g  山茱萸45g  甘菊花  肉桂  细辛  川芎  贯众  白术(米泔浸一宿，锉碎，炒)各37．5g  干姜(炮)30g  甘草(炙)45g,45g,补肺益气，祛风散寒。,祛风解表(风),肺气不足，外感风寒，鼻齆不闻香臭。,上为散。,每次6g，空心用温酒调服，一日二次。,,y,16.0,,,
明,汤,内,13437.0,独活细辛散,《校注妇人良方》卷三,独活  细辛  炮附子  甘菊花  麻黄  白芷  五味子(杵，炒)  紫菀茸  赤茯苓  肉桂 白术  川芎  桑白皮  杏仁(麸炒，去皮)  防风各3g  炙甘草1．5g,3g,疏风宣肺，温经散寒。,祛风解表(风寒),风寒犯肺，肺失宣降，胸满短气，冒闷汗出，嘘吸颤掉，声嘶体重，四肢痿弱，昼瘥夜甚，脉浮，或风寒束表，卫阳闭郁，头痛项强，背痛鼻干，心闷语謇，胸中少气，四肢疼痛。,水煎，去滓。,分二次温服。,,y,16.0,,,
清,汤,内,14691.0,桔连汤,《回生集》卷上,苦桔梗  川黄连(倍加)  枳实(炒)　前胡  连翘(去心)  陈皮  防风  制半夏  柴胡　南星  禹白附  牛蒡子(炒，研)  玄参  赤芍  莪术(煨)  甘草各等分,等分,宣肺清热，消肿利咽。,祛风解表(风热),喉中忽生肉如桃如云，层层而起。,水煎，去滓。,温服。先用绵裹箸头蘸食盐点肉上，一日五、六次，然后再服本方。,,n,16.0,,,
现代,丸,内,17705.0,清瘟解毒丸,《北京市中药成方选集》引《真方汇录》,羌活2．25kg  黄芩3kg  连翘2．25kg  花粉3kg  桔梗2．25kg  玄参(去芦)3kg  白芷1．5kg  葛根3kg  川芎1．5kg  大青叶3kg  柴胡1．5kg  牛蒡子(炒)3kg  赤芍1．5kg  淡竹叶3kg  防风1．5kg  甘草750g,1.5kg,清热祛瘟，散风解表。,祛风解表(风邪),感冒风邪，身热头痛，发热畏寒，四肢疫痛；外感时疫，憎寒壮热，头痛无汗，口渴咽干，痄腮、大头瘟。,上为细粉，炼蜜为丸，每丸重9g。,每次1丸，温开水送服，一日二次。,,y,16.0,,,
清,汤,内,19172.0,疏风甘桔汤,《包氏喉证家宝》,生甘草  桔梗  归尾  花粉  山栀　甘葛  玄参  荆芥  川芎  连翘  人参  枳壳  茯苓  陈皮  防风  黄连,wbz,疏风清热，消肿解毒。,祛风解表(风热),小儿喉风弄舌,水煎，去滓,温服,,n,16.0,,,
清,散,内,12478.0,茶调散,《活人方》卷三,滑石60g  石膏60g  黄芩60g  桔梗60g  甘草60g  薄荷30g  荆芥30g  防风30g 川芎30g  当归30g  麻黄30g  连翘30g  白芍30g  大黄30g  芒硝30g  白术15g  黑山栀15g,30g,疏风解表，清热化痰。,祛风解表,冒风初起，鼻塞喷嚏，头痛声重，外寒内热，痰嗽咽干，二便结涩，内火有余。,上为细末,每次9g，午后、临睡用浓茶或白汤调服。,,y,17.0,,,
宋,丸,内,12581.0,厚朴丸,《圣济总录》卷一八六,厚朴(生jiang汁炙)  枳壳(麸炒)  茴香子(炒香)  肉豆蔻(去壳)  肉桂  白术各30g  丁香  荜澄茄  诃黎勒皮  没药(研)  细辛  当归(切，焙)各15g  赤石脂  独活  天麻  防风各22．5g  川芎15g,22.5g,温中散寒，涩肠止泻。,祛风解表(风寒),脾胃虚弱，风寒外侵，心腹暴痛，背脊疫痛，肠鸣泄泻，心虚嗜卧。,上为细末，酒煮面糊为丸，如梧桐子大。,每次20～30丸，空心、食前用温酒或米饮送服；如呼吸风冷气，心腹疼痛，里急后重，亦宜温酒送服。,,y,17.0,,,
清,汤,内,15545.0,消风凉血汤,《喉科秘诀》卷上,白芍2．1g  黄芩4．5g  鲜生地6g　桔梗3g  荆芥1.5g  防风1．8g  栀子1．5g  僵蚕1．2g  黄柏2．1g  黄连1g  甘草1g  归尾1．5g　花粉1．8g  银花1．5g  山豆根1．5g  升麻1g  薄荷1g,1.8g,疏风凉血，泻火解毒,祛风解表,风热喉蛾。初起牙关强闭，头面侧肿，咽津则碍，憎寒壮热。,加生姜1片，用水400m1，煎至380m1，去滓。,空心服。先服泻肝通圣散，泻后再用此方。,,y,17.0,,,
现代,丸,内,16786.0,黄连上清丸,《北京市中药成方选集》,黄连250g  大黄7．68kg  连翘2kg  薄荷  防风各1kg  旋覆花500g  黄芩  荆芥穗 栀子(炒)  桔梗各2kg  生石膏  黄柏各1kg　蔓荆子(炒)  白芷各2kg  甘草  川芎各1kg  菊花4kg,1kg,清热通便,祛风解表,头目眩晕，暴发火眼，牙齿疼痛，口舌生疮，二便秘结,上为细末，用冷开水泛为小丸，如梧桐子大；或用炼蜜制成大丸，每丸重6g。,每次水丸6g或蜜丸2丸，温开水送服。一日二次。,,y,17.0,,,
明,其它,内,18598.0,黑金丹,《古今医鉴》卷四,黄连  黄芩  黄柏  山栀子  连翘　薄荷  石膏  泽泻  赤芍药  大黄  枳壳  丹皮　玄参  桔梗  防风  赤茯苓  荆芥各等分,等分,清热解毒，泻火凉血,祛风解表(风热),上焦邪热，咽喉肿痛，及牙齿疼痛；伤寒误补，大潮大热，声哑不出，胸膈作痛，鼻衄吐红；痰壅火盛，癫狂谵语。,上合一大剂。用水2L，煎1．75L，去滓，入芒消500g于内，化开，澄去泥水，将药入锅内，煎至干，顺慢火铲起，入新罐内，上用新灯盏1个盖住，入水于盏内，火煅，候干，取出放地上，去火毒，研为细末，入甘草末15g，搅匀。,每次6g，用茶清送服。,,n,17.0,,,
金,汤,内,18810.0,温卫汤,《兰室秘藏》卷六,陈皮  青皮  黄连  木香各0．9g　人参  炙甘草  白芷  防风  黄柏  泽泻各1．5g  黄芪  苍术  升麻  知母  柴胡  羌活各3g 当归4．5g,1.5g,补气温卫，疏风利窍，清热化湿。,祛风解表(虚感),卫气不足，外感风寒，湿热内蕴，鼻塞不闻香臭，目中流火，时流冷泪，脐下冷，阴汗，足痿弱者。,上作一服。用水300ml，煎至150ml，去滓。,食远温服。,,y,17.0,,,
宋,散,内,13270.0,追风散,《太平惠民和剂局方》卷一宝庆新增方,川乌(炮，去皮、脐、尖)  防风  川芎  白僵蚕(去丝、嘴，微炒)  荆芥  石膏(煅，研)　甘草(炙)各30g  禹白附(炮)  羌活  全蝎(去尾针，微炒)  白芷  天南星(炮)  天麻  地龙(去土，炙)各15g  乳香(研)  草乌(炮，去皮、尖)  没药(细研)  雄黄(细研)各7．5g,30g,祛风邪，清头目，利咽膈，化痰涎,祛风解表；止痒；透疹；止痉,新久偏正头痛，头晕目眩，心悸烦热，百节疫疼，鼻塞声重，项背拘急；或皮肤瘙痒，面上游风，状若虫行。,上为细末。每次1．5g，入好茶少许同调。,食后及临睡前服,,y,18.0,,,
明,丸,内,19058.0,普济消毒饮,《杏苑生春》卷三,黄芩  黄连各15g  人参  陈皮  玄参  甘草(生)各9g  柴胡  桔梗各6g  连翘  牛蒡子  板蓝根  马勃各3g  白僵蚕  升麻各2．1g  防风  薄荷  川芎  当归各4.5g,4.5g,疏风清热，消肿解毒。,祛风解表(风热),初觉憎寒体重，次传头面肿盛，目不能开，气喘，咽喉不利，舌干口燥。,上为细末；或用熟蜜为丸，如弹子大。,细末，每次9g，食后用白汤调服，蜜丸，每次1丸，噙化。,,y,18.0,,,
清,汤,内,20088.0,增损双解散,《寒温条辨》卷四又名增损双解汤(《古今名方》,白僵蚕(jiu炒)9g  全蝉蜕12枚  广姜黄2．1g  防风3g  薄荷叶3g  荆芥穗  当归各3g  白芍3g  黄连3g  连翘(去心)3g  栀子3g　黄芩6g  桔梗6g  石膏18g  滑石9g  甘草3g　大黄(jiu浸)6g  芒硝6g,3g,清热解毒，散结导滞，表里双解。,止痉；祛风解表；止痒,湿毒流注，上行则颈痛，目眩耳聋；下流则腰痛足肿；注于皮肤，则发斑疹疮疡；壅于肠胃，则毒利脓血；伤于阳明，则腮脸肿痛；结于太阴，则腹满呕吐；结于少阳，则喉痹咽痛；结于厥阴，则舌卷囊缩。,水煎，去滓。,冲芒消，入蜜3匙，黄酒25m1，和匀冷服。,,y,18.0,,,
元,丸,内,13265.0,追风丸,《仙传外科集验方》,沉香15g(焙)  牛膝(jiu浸，炒)  当归各90g(焙)  薏苡仁  白芷  川芎各60g  羌活  防风(炒)  赤芍(炒)  天麻(炒)  草乌(炒黄)　肉桂  干姜(炒)各30g  川乌1枚(炮)  丁皮  乳香  没药  木香各15g  木瓜(炒)90g,30g,祛风散寒，化湿舒筋,祛风解表(风寒湿邪),风寒湿邪内侵，气滞血瘀，手足顽麻。,上为末，炼蜜为丸，如梧桐子大。治脚气，用酒糊为丸。,每次30丸，酒送服。,炒,y,19.0,,,
汉,丸,内,20400.0,薯蓣丸,《金匮要略》卷上又名大山芋丸(《太平惠民和剂局方》卷五,山药90g  当归  桂枝  曲  生地黄  豆黄卷各30g  甘草84g  人参21g  川芎  芍药  白术  麦冬  杏仁各18g  柴胡  桔梗  茯苓各15g  阿胶21g  干姜9g  白蔹6g  防风18g  大枣100枚(为膏),18g,补气养血，疏风散邪,祛风解表(虚感)　,虚劳气血俱虚，阴阳失调，头晕目花，消瘦乏力，心悸气短，不思饮食，外兼风邪，微有寒热，骨节痠痛。,上为末，炼蜜为丸，如弹子大。,每次1丸，空腹用酒送服,,y,21.0,,,
宋,煮散,内,13406.0,独活散,《太平圣惠方》卷十九,"独活22．5g  汉防己30g  秦艽22．5g  黄芪15g  赤芍药15g  人参15g  茯神15g  白术15g  川芎15g  远志15g(去心)  石膏30g  川升麻15g  防风22．5g  丹参15g  炙甘草15g  天冬15g(去心)  薏苡仁15g  羚羊角屑
22．5g  五加皮15g  生地黄22．5g  麻黄30g(去根、节)  地骨皮15g",22.5g,疏风清热，益气养血，宁心安神。,祛风解表(风邪),气血两虚，外感风热，致患风痱，心热烦闷，四肢不仁,上为散。每次12g，用水300m1，加生姜4g，煎至150ml，去滓,温服，不拘时候,,y,22.0,,,
现代,丸,内,19057.0,普济回春丹,《北京市中药成方选集》,"防风600g  连翘1．2kg  山豆根  薄荷  川芎各300g  花粉  羌活  当归各600g  赤小豆300g  大青叶1．2kg  黄连600g  栀子(炒) 黄芩各1．2kg  升麻420g  荆芥  玄参各1．2kg 牛蒡子(炒)600g  滑石1．2kg  赤芍  雄黄各
600g  柴胡300g  甘草1．2kg",600g,清热泻火，解肌透表,祛风解表；透疹；散结,小儿内热发烧，伤风头痛，乍寒乍热，隐疹不出。,上为细粉，过罗，炼蜜为丸，每丸重3g，朱砂为衣。,每次1丸，一日二次，温开水送服。三岁以下小儿酌减。,,y,22.0,,,
清,丸,内,15568.0,消毒达原丸,《卫生鸿宝》卷一,生大黄  葛根各1kg  滑石  山楂各500g  神曲  木通  枳壳  黑栀  牵牛子  黄芩各250g  防风  荆芥  苏叶  龙胆草  苍术  羌活　草果  槟榔  厚朴  知母  车前子各120g  甘草60g  生姜25g,120g,解表攻里，消毒达原,祛风解表,瘟疫头疼，筋骨痛，先寒后热，初起舌苔白色，三、四日黄色，五、六日黑色芒刺，大便不通，或水泻，小便黄赤短少，甚则谵语发狂，口鼻出血，拽衣摸床，呃逆不止。,上为末，糊为丸，每丸重6g。,每次1～2丸，开水化服,,y,23.0,,,
元,丸,内,13993.0,祛风至宝丹,《杂类名方》又名祛风至宝膏(《医门法律》卷三,"防风45g  石膏30g  川芎60g  滑石90g  当归75g  芍药45g  甘草60g  大黄15g  白术39g  连翘15g  荆芥穗15g  薄荷叶15g　麻黄15g(去根，不去节)  山栀子18g  黄芩30g　芒硝15g  桔梗  熟地黄  天麻  人参  羌活  独
活各30g  黄连  黄柏  细辛各15g  全蝎15g",45g,发表攻里,祛风解表,风热诸证,上为极细末，炼蜜为丸，如弹子大,每次1丸，临卧细嚼，用茶或酒送服。,,y,26.0,,,
清,茶,内,14189.0,神效药茶,《卫生鸿宝》卷一,建曲  山楂炭  滑石  麦芽各120g　杏仁  陈皮各75g  葛根  青皮  乌药  薄荷  防风  香薷  藿香  黄芩  木通  苏梗  羌活  白扁豆  泽泻  苍术  白芷  苍耳  大黄  钩藤  半夏(制)  枳壳  蔓荆子  槟榔  荆芥  甘草  独活各60g  川芎  升麻  柴胡  木瓜  大青叶各45g　草果仁  麻黄(去节)  细辛  厚朴  苏木各30g　鲜蒌180g,60g,化湿解暑，理气和中,祛风解表；,外感风寒暑湿，身热头痛，时疫疟痢，霍乱吐泻，伤食饱胀，心口急痛。,上药煎浓，用雨前茶叶7．5kg，将药汁拌收，烈日中晒五、六日，干透，贮瓷瓶内。,每次9g，阴阳水煎服，小儿及虚弱减半。,,y,42.0,,,
